date,date_key,year,month,month_name,iso_week,shift,line,machine,product_family,operator_team,downtime_reason,planned_shift_minutes,planned_break_minutes,planned_production_time_minutes,unplanned_downtime_minutes,operating_time_minutes,ideal_cycle_time_seconds,total_count,defect_count,good_count,availability,performance,quality,oee,scrap_rate,downtime_rate,availability_percent,performance_percent,quality_percent,oee_percent,scrap_rate_percent,downtime_rate_percent,performance_over_100,data_quality_status,mes_correction_required,mes_correction_reason,source_row_id,calculated_planned_production_time_minutes,has_data_quality_error,has_data_quality_warning
2026-01-06,20260106,2026,1,Jan,2,Evening,Line 1,Wrapper 1,Cone,Team B,Breakdown,480,45,435,58,377,1.35,14987,759,14228,0.8666666666666667,0.894449602122016,0.9493561086274771,0.7359310344827587,0.050643891372522856,0.13333333333333333,86.66666666666667,89.4449602122016,94.93561086274771,73.59310344827587,5.064389137252285,13.333333333333334,False,Clean,False,,5,435,False,False
2026-01-06,20260106,2026,1,Jan,2,Morning,Line 1,Cartoner 1,Ice Cream Bar,Team C,Cleaning,480,45,435,54,381,1.15,18591,92,18499,0.8758620689655172,0.9352427821522309,0.9950513689419611,0.8150900383141761,0.004948631058038836,0.12413793103448276,87.58620689655172,93.52427821522309,99.50513689419611,81.50900383141762,0.4948631058038836,12.413793103448276,False,Clean,False,,1,435,False,False
2026-01-06,20260106,2026,1,Jan,2,Night,Line 1,Cartoner 1,Cup,Team B,Quality Hold,480,40,440,36,404,1.05,18673,871,17802,0.9181818181818182,0.808855198019802,0.9533551116585445,0.708034090909091,0.046644888341455575,0.08181818181818182,91.81818181818183,80.8855198019802,95.33551116585444,70.8034090909091,4.6644888341455575,8.181818181818182,False,Clean,False,,9,440,False,False
2026-01-06,20260106,2026,1,Jan,2,Morning,Line 2,Case Packer 2,Multipack,Team D,Breakdown,480,45,435,50,385,1.65,13024,447,12577,0.8850574712643678,0.9302857142857143,0.9656787469287469,0.7950977011494252,0.03432125307125307,0.11494252873563218,88.50574712643679,93.02857142857142,96.56787469287468,79.50977011494253,3.432125307125307,11.494252873563218,False,Clean,False,,2,435,False,False
2026-01-06,20260106,2026,1,Jan,2,Night,Line 2,Freezer 2,Multipack,Team B,Material Waiting,480,40,440,52,388,1.65,12317,394,11923,0.8818181818181818,0.8729832474226804,0.9680116911585613,0.7451875,0.03198830884143866,0.11818181818181818,88.18181818181819,87.29832474226804,96.80116911585614,74.51875,3.198830884143866,11.818181818181818,False,Clean,False,,10,440,False,False
2026-01-06,20260106,2026,1,Jan,2,Evening,Line 3,Case Packer 3,Cup,Team D,Cleaning,480,45,435,55,380,1.05,17518,486,17032,0.8735632183908046,0.8067500000000001,0.9722571069756821,0.6851954022988507,0.027742893024317844,0.12643678160919541,87.35632183908046,80.67500000000001,97.22571069756822,68.51954022988507,2.7742893024317845,12.643678160919542,False,Clean,False,,7,435,False,False
2026-01-06,20260106,2026,1,Jan,2,Morning,Line 3,Case Packer 3,Cup,Team B,Cleaning,480,45,435,33,402,1.05,20433,275,20158,0.9241379310344827,0.8894962686567165,0.9865413791415847,0.8109540229885058,0.013458620858415309,0.07586206896551724,92.41379310344827,88.94962686567165,98.65413791415847,81.09540229885059,1.3458620858415309,7.586206896551724,False,Clean,False,,3,435,False,False
2026-01-06,20260106,2026,1,Jan,2,Night,Line 3,Moulder 3,Multipack,Team A,Breakdown,480,40,440,49,391,1.65,13203,299,12904,0.8886363636363637,0.9285997442455242,0.9773536317503597,0.8064999999999999,0.022646368249640232,0.11136363636363636,88.86363636363637,92.85997442455242,97.73536317503597,80.64999999999999,2.264636824964023,11.136363636363637,False,Clean,False,,11,440,False,False
2026-01-06,20260106,2026,1,Jan,2,Evening,Line 4,Extruder 4,Cone,Team C,Breakdown,480,45,435,82,353,1.35,13577,386,13191,0.8114942528735632,0.8653895184135978,0.9715695661780953,0.682293103448276,0.02843043382190469,0.18850574712643678,81.14942528735632,86.53895184135978,97.15695661780953,68.2293103448276,2.8430433821904693,18.850574712643677,False,Clean,False,,8,435,False,False
2026-01-06,20260106,2026,1,Jan,2,Morning,Line 4,Extruder 4,Multipack,Team D,Changeover,480,45,435,87,348,1.65,10726,213,10513,0.8,0.8476005747126436,0.9801417117285102,0.6646149425287355,0.01985828827148984,0.2,80.0,84.76005747126436,98.01417117285102,66.46149425287355,1.985828827148984,20.0,False,Clean,False,,4,435,False,False
2026-01-06,20260106,2026,1,Jan,2,Night,Line 4,Cartoner 4,Cone,Team A,Changeover,480,40,440,70,370,1.35,15050,299,14751,0.8409090909090909,0.9152027027027027,0.9801328903654485,0.7543124999999999,0.019867109634551496,0.1590909090909091,84.0909090909091,91.52027027027026,98.01328903654485,75.43124999999999,1.9867109634551496,15.909090909090908,False,Clean,False,,12,440,False,False
2026-01-07,20260107,2026,1,Jan,2,Evening,Line 1,Wrapper 1,Multipack,Team C,Changeover,480,45,435,32,403,1.65,12205,428,11777,0.9264367816091954,0.8328473945409429,0.9649324047521508,0.7445229885057472,0.03506759524784924,0.0735632183908046,92.64367816091954,83.2847394540943,96.49324047521507,74.45229885057472,3.506759524784924,7.35632183908046,False,Clean,False,,17,435,False,False
2026-01-07,20260107,2026,1,Jan,2,Morning,Line 1,Wrapper 1,Sandwich,Team D,Cleaning,480,45,435,49,386,1.25,14952,308,14644,0.8873563218390804,0.8069948186528497,0.9794007490636704,0.7013409961685823,0.020599250936329586,0.11264367816091954,88.73563218390804,80.69948186528497,97.94007490636703,70.13409961685822,2.0599250936329585,11.264367816091953,False,Clean,False,,13,435,False,False
2026-01-07,20260107,2026,1,Jan,2,Night,Line 1,Wrapper 1,Cup,Team B,Material Waiting,480,40,440,42,398,1.05,16882,216,16666,0.9045454545454545,0.7422989949748745,0.9872053074280298,0.6628522727272729,0.012794692571970146,0.09545454545454546,90.45454545454545,74.22989949748745,98.72053074280298,66.28522727272728,1.2794692571970145,9.545454545454547,False,Clean,False,,21,440,False,False
2026-01-07,20260107,2026,1,Jan,2,Morning,Line 2,Case Packer 2,Multipack,Team B,Breakdown,480,45,435,64,371,1.65,12121,367,11754,0.8528735632183908,0.8984568733153638,0.9697219701344774,0.7430689655172413,0.030278029865522648,0.1471264367816092,85.28735632183908,89.84568733153638,96.97219701344774,74.30689655172414,3.0278029865522647,14.71264367816092,False,Clean,False,,14,435,False,False
2026-01-07,20260107,2026,1,Jan,2,Night,Line 2,Filler 2,Ice Cream Bar,Team D,Material Waiting,480,40,440,104,336,1.15,15657,205,15452,0.7636363636363637,0.8931324404761904,0.9869068148432011,0.6730984848484849,0.013093185156798876,0.23636363636363636,76.36363636363637,89.31324404761905,98.69068148432011,67.30984848484849,1.3093185156798877,23.636363636363637,False,Clean,False,,22,440,False,False
2026-01-07,20260107,2026,1,Jan,2,Evening,Line 3,Wrapper 3,Cone,Team B,Material Waiting,480,45,435,47,388,1.35,13418,364,13054,0.8919540229885058,0.778105670103093,0.9728722611417499,0.6752068965517243,0.027127738858250112,0.10804597701149425,89.19540229885058,77.8105670103093,97.28722611417498,67.52068965517243,2.712773885825011,10.804597701149426,False,Warning,True,Downtime reason manually reclassified,19,435,False,True
2026-01-07,20260107,2026,1,Jan,2,Morning,Line 3,Wrapper 3,Ice Cream Bar,Team B,Changeover,480,45,435,51,384,1.15,14525,110,14415,0.8827586206896552,0.7249891493055556,0.9924268502581756,0.6351436781609197,0.007573149741824441,0.11724137931034483,88.27586206896552,72.49891493055556,99.24268502581755,63.51436781609196,0.7573149741824441,11.724137931034482,False,Clean,False,,15,435,False,False
2026-01-07,20260107,2026,1,Jan,2,Night,Line 3,Case Packer 3,Cone,Team B,Material Waiting,480,40,440,41,399,1.35,15050,568,14482,0.9068181818181819,0.8486842105263158,0.9622591362126246,0.7405568181818183,0.037740863787375414,0.09318181818181819,90.68181818181819,84.86842105263158,96.22591362126246,74.05568181818182,3.7740863787375414,9.318181818181818,False,Clean,False,,23,440,False,False
2026-01-07,20260107,2026,1,Jan,2,Evening,Line 4,Extruder 4,Ice Cream Bar,Team D,Breakdown,480,45,435,95,340,1.15,13568,235,13333,0.7816091954022989,0.7648627450980392,0.9826798349056604,0.5874693486590039,0.01732016509433962,0.21839080459770116,78.16091954022988,76.48627450980392,98.26798349056604,58.74693486590039,1.7320165094339621,21.839080459770116,False,Clean,False,,20,435,False,False
2026-01-07,20260107,2026,1,Jan,2,Morning,Line 4,Wrapper 4,Sandwich,Team D,Packaging Jam,480,45,435,67,368,1.25,17027,352,16675,0.8459770114942529,0.9639379528985508,0.9793269513126212,0.7986111111111112,0.02067304868737887,0.15402298850574714,84.59770114942529,96.39379528985508,97.93269513126212,79.86111111111111,2.067304868737887,15.402298850574713,False,Clean,False,,16,435,False,False
2026-01-07,20260107,2026,1,Jan,2,Night,Line 4,Extruder 4,Cup,Team D,Material Waiting,480,40,440,39,401,1.05,18814,458,18356,0.9113636363636364,0.8210598503740648,0.9756564260656958,0.7300681818181818,0.024343573934304242,0.08863636363636364,91.13636363636364,82.10598503740648,97.56564260656958,73.00681818181818,2.434357393430424,8.863636363636363,False,Clean,False,,24,440,False,False
2026-01-08,20260108,2026,1,Jan,2,Evening,Line 1,Wrapper 1,Multipack,Team B,Breakdown,480,45,435,76,359,1.65,11418,117,11301,0.825287356321839,0.8746378830083565,0.9897530215449291,0.7144310344827586,0.010246978455070941,0.17471264367816092,82.5287356321839,87.46378830083566,98.97530215449291,71.44310344827586,1.024697845507094,17.47126436781609,False,Clean,False,,29,435,False,False
2026-01-08,20260108,2026,1,Jan,2,Morning,Line 1,Filler 1,Multipack,Team A,Minor Stops,480,45,435,21,414,1.65,11784,192,11592,0.9517241379310345,0.7827536231884057,0.9837067209775967,0.7328275862068965,0.016293279022403257,0.04827586206896552,95.17241379310344,78.27536231884056,98.37067209775967,73.28275862068965,1.6293279022403258,4.827586206896552,False,Clean,False,,25,435,False,False
2026-01-08,20260108,2026,1,Jan,2,Night,Line 1,Filler 1,Cup,Team C,Quality Hold,480,40,440,58,382,1.05,16456,828,15628,0.8681818181818182,0.7538743455497382,0.9496840058337385,0.6215681818181817,0.05031599416626155,0.1318181818181818,86.81818181818181,75.38743455497382,94.96840058337385,62.156818181818174,5.031599416626155,13.18181818181818,False,Clean,False,,33,440,False,False
2026-01-08,20260108,2026,1,Jan,2,Evening,Line 2,Filler 2,Ice Cream Bar,Team A,Quality Hold,480,45,435,53,382,1.15,16529,1116,15413,0.8781609195402299,0.8293346422338568,0.9324823038296328,0.6791168582375479,0.06751769617036724,0.12183908045977011,87.816091954023,82.93346422338568,93.24823038296329,67.91168582375478,6.751769617036723,12.183908045977011,False,Clean,False,,30,435,False,False
2026-01-08,20260108,2026,1,Jan,2,Morning,Line 2,Case Packer 2,Cone,Team D,Quality Hold,480,45,435,41,394,1.35,16364,893,15471,0.9057471264367816,0.934492385786802,0.9454289904668786,0.8002241379310344,0.05457100953312149,0.09425287356321839,90.57471264367815,93.44923857868021,94.54289904668785,80.02241379310344,5.457100953312149,9.425287356321839,False,Clean,False,,26,435,False,False
2026-01-08,20260108,2026,1,Jan,2,Evening,Line 3,Moulder 3,Ice Cream Bar,Team A,Packaging Jam,480,45,435,52,383,1.15,17176,395,16781,0.8804597701149425,0.8595474325500434,0.9770027945971123,0.7393927203065133,0.02299720540288775,0.11954022988505747,88.04597701149424,85.95474325500435,97.70027945971123,73.93927203065132,2.2997205402887753,11.954022988505747,False,Warning,True,Counter reconciliation pending,31,435,False,True
2026-01-08,20260108,2026,1,Jan,2,Morning,Line 3,Case Packer 3,Cone,Team D,Breakdown,480,45,435,49,386,1.35,13071,126,12945,0.8873563218390804,0.7619106217616581,0.9903603396832683,0.6695689655172414,0.009639660316731696,0.11264367816091954,88.73563218390804,76.19106217616581,99.03603396832683,66.95689655172414,0.9639660316731696,11.264367816091953,False,Clean,False,,27,435,False,False
2026-01-08,20260108,2026,1,Jan,2,Night,Line 3,Case Packer 3,Sandwich,Team C,Breakdown,480,40,440,60,380,1.25,15944,191,15753,0.8636363636363636,0.8741228070175439,0.988020572002007,0.7458806818181818,0.011979427997992976,0.13636363636363635,86.36363636363636,87.41228070175438,98.8020572002007,74.58806818181817,1.1979427997992975,13.636363636363635,False,Clean,False,,35,440,False,False
2026-01-08,20260108,2026,1,Jan,2,Evening,Line 4,Extruder 4,Cone,Team A,Packaging Jam,480,45,435,41,394,1.35,14991,223,14768,0.9057471264367816,0.8560850253807107,0.9851244079781202,0.7638620689655173,0.014875592021879795,0.09425287356321839,90.57471264367815,85.60850253807108,98.51244079781202,76.38620689655173,1.4875592021879795,9.425287356321839,False,Clean,False,,32,435,False,False
2026-01-08,20260108,2026,1,Jan,2,Morning,Line 4,Cartoner 4,Ice Cream Bar,Team B,Minor Stops,480,45,435,58,377,1.15,17365,706,16659,0.8666666666666667,0.8828359858532272,0.9593435070544198,0.7340172413793103,0.04065649294558019,0.13333333333333333,86.66666666666667,88.28359858532272,95.93435070544199,73.40172413793104,4.065649294558019,13.333333333333334,False,Clean,False,,28,435,False,False
2026-01-08,20260108,2026,1,Jan,2,Night,Line 4,Extruder 4,Cup,Team D,Material Waiting,480,40,440,52,388,1.05,18557,138,18419,0.8818181818181818,0.8369780927835052,0.992563453144366,0.7325738636363637,0.007436546855633993,0.11818181818181818,88.18181818181819,83.69780927835052,99.2563453144366,73.25738636363637,0.7436546855633993,11.818181818181818,False,Clean,False,,36,440,False,False
2026-01-09,20260109,2026,1,Jan,2,Evening,Line 1,Filler 1,Cup,Team A,Changeover,480,45,435,45,390,1.05,16714,370,16344,0.896551724137931,0.7499871794871795,0.9778628694507598,0.6575172413793104,0.022137130549240158,0.10344827586206896,89.65517241379311,74.99871794871795,97.78628694507599,65.75172413793105,2.213713054924016,10.344827586206897,False,Warning,True,Downtime reason manually reclassified,41,435,False,True
2026-01-09,20260109,2026,1,Jan,2,Morning,Line 1,Filler 1,Sandwich,Team D,Breakdown,480,45,435,40,395,1.25,15313,76,15237,0.9080459770114943,0.8076476793248946,0.9950368967543917,0.7297413793103448,0.004963103245608307,0.09195402298850575,90.80459770114942,80.76476793248946,99.50368967543916,72.97413793103448,0.4963103245608307,9.195402298850574,False,Clean,False,,37,435,False,False
2026-01-09,20260109,2026,1,Jan,2,Night,Line 1,Filler 1,Multipack,Team C,Quality Hold,480,40,440,51,389,1.65,10908,483,10425,0.884090909090909,0.7711311053984576,0.9557205720572057,0.6515624999999999,0.044279427942794276,0.1159090909090909,88.4090909090909,77.11311053984576,95.57205720572057,65.15625,4.427942794279428,11.59090909090909,False,Clean,False,,45,440,False,False
2026-01-09,20260109,2026,1,Jan,2,Evening,Line 2,Filler 2,Sandwich,Team C,Material Waiting,480,45,435,74,361,1.25,15117,441,14676,0.8298850574712644,0.8724030470914127,0.9708275451478467,0.7028735632183908,0.029172454852153206,0.17011494252873563,82.98850574712644,87.24030470914127,97.08275451478468,70.28735632183908,2.9172454852153207,17.011494252873565,False,Clean,False,,42,435,False,False
2026-01-09,20260109,2026,1,Jan,2,Morning,Line 2,Case Packer 2,Multipack,Team D,Packaging Jam,480,45,435,57,378,1.65,10856,259,10597,0.8689655172413793,0.7897883597883597,0.9761422254974208,0.6699252873563217,0.02385777450257922,0.1310344827586207,86.89655172413792,78.97883597883597,97.61422254974208,66.99252873563218,2.385777450257922,13.10344827586207,False,Clean,False,,38,435,False,False
2026-01-09,20260109,2026,1,Jan,2,Night,Line 2,Freezer 2,Multipack,Team D,Breakdown,480,40,440,59,381,1.65,12084,515,11569,0.865909090909091,0.8722047244094487,0.9573816617014234,0.7230624999999999,0.04261833829857663,0.1340909090909091,86.5909090909091,87.22047244094487,95.73816617014234,72.30624999999999,4.261833829857663,13.40909090909091,False,Clean,False,,46,440,False,False
2026-01-09,20260109,2026,1,Jan,2,Evening,Line 3,Case Packer 3,Sandwich,Team D,Breakdown,480,45,435,55,380,1.25,18740,822,17918,0.8735632183908046,1.0274122807017543,0.956136606189968,0.8581417624521072,0.043863393810032014,0.12643678160919541,87.35632183908046,102.74122807017542,95.6136606189968,85.81417624521072,4.386339381003202,12.643678160919542,True,Warning,False,,43,435,False,True
2026-01-09,20260109,2026,1,Jan,2,Morning,Line 3,Wrapper 3,Cone,Team D,Changeover,480,45,435,32,403,1.35,13831,650,13181,0.9264367816091954,0.7722022332506204,0.953004121177066,0.6817758620689656,0.04699587882293399,0.0735632183908046,92.64367816091954,77.22022332506204,95.3004121177066,68.17758620689656,4.6995878822933985,7.35632183908046,False,Clean,False,,39,435,False,False
2026-01-09,20260109,2026,1,Jan,2,Night,Line 3,Wrapper 3,Multipack,Team C,Packaging Jam,480,40,440,63,377,1.65,11381,56,11325,0.8568181818181818,0.8301790450928381,0.9950795184957385,0.7078124999999998,0.0049204815042614885,0.1431818181818182,85.68181818181819,83.01790450928381,99.50795184957386,70.78124999999999,0.49204815042614886,14.318181818181818,False,Clean,False,,47,440,False,False
2026-01-09,20260109,2026,1,Jan,2,Evening,Line 4,Extruder 4,Cone,Team D,Cleaning,480,45,435,66,369,1.35,12644,496,12148,0.8482758620689655,0.7709756097560976,0.9607719076241695,0.6283448275862069,0.039228092375830435,0.15172413793103448,84.82758620689656,77.09756097560975,96.07719076241695,62.834482758620695,3.9228092375830435,15.172413793103448,False,Warning,True,Counter reconciliation pending,44,435,False,True
2026-01-09,20260109,2026,1,Jan,2,Morning,Line 4,Wrapper 4,Ice Cream Bar,Team C,Breakdown,480,45,435,99,336,1.15,13692,301,13391,0.7724137931034483,0.7810416666666666,0.9780163599182005,0.5900249042145594,0.02198364008179959,0.22758620689655173,77.24137931034483,78.10416666666666,97.80163599182005,59.002490421455946,2.198364008179959,22.758620689655174,False,Clean,False,,40,435,False,False
2026-01-09,20260109,2026,1,Jan,2,Night,Line 4,Wrapper 4,Cone,Team B,Cleaning,480,40,440,56,384,1.35,14593,180,14413,0.8727272727272727,0.8550585937500002,0.9876653189885561,0.7370284090909092,0.012334681011443843,0.12727272727272726,87.27272727272727,85.50585937500001,98.76653189885562,73.70284090909092,1.2334681011443842,12.727272727272727,False,Clean,False,,48,440,False,False
2026-01-10,20260110,2026,1,Jan,2,Evening,Line 1,Cartoner 1,Sandwich,Team A,Minor Stops,480,45,435,40,395,1.25,14460,245,14215,0.9080459770114943,0.7626582278481012,0.9830567081604425,0.6807950191570881,0.0169432918395574,0.09195402298850575,90.80459770114942,76.26582278481013,98.30567081604426,68.0795019157088,1.69432918395574,9.195402298850574,False,Clean,False,,53,435,False,False
2026-01-10,20260110,2026,1,Jan,2,Morning,Line 1,Cartoner 1,Multipack,Team B,Minor Stops,480,45,435,67,368,1.65,12768,386,12382,0.8459770114942529,0.9541304347826086,0.9697681704260651,0.7827701149425286,0.030231829573934835,0.15402298850574714,84.59770114942529,95.41304347826086,96.97681704260651,78.27701149425286,3.0231829573934834,15.402298850574713,False,Clean,False,,49,435,False,False
2026-01-10,20260110,2026,1,Jan,2,Night,Line 1,Filler 1,Multipack,Team C,Cleaning,480,40,440,39,401,1.65,12362,365,11997,0.9113636363636364,0.8477680798004987,0.9704740333279405,0.7498125,0.029525966672059537,0.08863636363636364,91.13636363636364,84.77680798004987,97.04740333279405,74.98125,2.952596667205954,8.863636363636363,False,Clean,False,,57,440,False,False
2026-01-10,20260110,2026,1,Jan,2,Evening,Line 2,Filler 2,Ice Cream Bar,Team C,Material Waiting,480,45,435,21,414,1.15,19101,494,18607,0.9517241379310345,0.8843055555555555,0.974137479713104,0.8198486590038314,0.025862520286895976,0.04827586206896552,95.17241379310344,88.43055555555554,97.4137479713104,81.98486590038314,2.5862520286895974,4.827586206896552,False,Clean,False,,54,435,False,False
2026-01-10,20260110,2026,1,Jan,2,Morning,Line 2,Filler 2,Multipack,Team D,Material Waiting,480,45,435,59,376,1.65,10995,405,10590,0.864367816091954,0.804155585106383,0.9631650750341064,0.6694827586206896,0.036834924965893585,0.135632183908046,86.4367816091954,80.41555851063829,96.31650750341065,66.94827586206897,3.6834924965893587,13.563218390804598,False,Clean,False,,50,435,False,False
2026-01-10,20260110,2026,1,Jan,2,Night,Line 2,Case Packer 2,Cup,Team B,Packaging Jam,480,40,440,54,386,1.05,17518,480,17038,0.8772727272727273,0.7942098445595855,0.9725996118278343,0.6776477272727274,0.027400388172165772,0.12272727272727273,87.72727272727273,79.42098445595856,97.25996118278343,67.76477272727274,2.7400388172165773,12.272727272727273,False,Clean,False,,58,440,False,False
2026-01-10,20260110,2026,1,Jan,2,Evening,Line 3,Wrapper 3,Cup,Team B,Material Waiting,480,45,435,41,394,1.05,20426,122,20304,0.9057471264367816,0.907246192893401,0.9940272202095368,0.8168275862068964,0.005972779790463135,0.09425287356321839,90.57471264367815,90.7246192893401,99.40272202095369,81.68275862068964,0.5972779790463135,9.425287356321839,False,Clean,False,,55,435,False,False
2026-01-10,20260110,2026,1,Jan,2,Morning,Line 3,Case Packer 3,Cup,Team C,Quality Hold,480,45,435,50,385,1.05,20981,1238,19743,0.8850574712643678,0.9536818181818182,0.9409942328773653,0.7942586206896552,0.059005767122634764,0.11494252873563218,88.50574712643679,95.36818181818182,94.09942328773653,79.42586206896553,5.900576712263477,11.494252873563218,False,Clean,False,,51,435,False,False
2026-01-10,20260110,2026,1,Jan,2,Night,Line 3,Wrapper 3,Ice Cream Bar,Team D,Minor Stops,480,40,440,58,382,1.15,18482,584,17898,0.8681818181818182,0.927325479930192,0.9684016881289904,0.7796477272727274,0.03159831187100963,0.1318181818181818,86.81818181818181,92.7325479930192,96.84016881289904,77.96477272727273,3.159831187100963,13.18181818181818,False,Clean,False,,59,440,False,False
2026-01-10,20260110,2026,1,Jan,2,Evening,Line 4,Cartoner 4,Multipack,Team B,Packaging Jam,480,45,435,87,348,1.65,11964,332,11632,0.8,0.9454310344827586,0.9722500835840856,0.7353563218390805,0.02774991641591441,0.2,80.0,94.54310344827586,97.22500835840856,73.53563218390805,2.774991641591441,20.0,False,Clean,False,,56,435,False,False
2026-01-10,20260110,2026,1,Jan,2,Morning,Line 4,Wrapper 4,Ice Cream Bar,Team D,Breakdown,480,45,435,53,382,1.15,16313,703,15610,0.8781609195402299,0.8184969458987782,0.9569055354625146,0.6877969348659002,0.043094464537485444,0.12183908045977011,87.816091954023,81.84969458987781,95.69055354625145,68.77969348659002,4.309446453748544,12.183908045977011,False,Clean,False,,52,435,False,False
2026-01-10,20260110,2026,1,Jan,2,Night,Line 4,Extruder 4,Multipack,Team A,Material Waiting,480,40,440,58,382,1.65,12066,491,11575,0.8681818181818182,0.8686256544502616,0.9593071440411073,0.7234374999999998,0.04069285595889276,0.1318181818181818,86.81818181818181,86.86256544502616,95.93071440411073,72.34374999999999,4.0692855958892755,13.18181818181818,False,Clean,False,,60,440,False,False
2026-01-11,20260111,2026,1,Jan,2,Evening,Line 1,Cartoner 1,Ice Cream Bar,Team C,Quality Hold,480,45,435,20,415,1.15,14578,610,13968,0.9540229885057471,0.6732811244979918,0.958156125668816,0.6154482758620687,0.04184387433118398,0.04597701149425287,95.40229885057471,67.32811244979918,95.8156125668816,61.54482758620687,4.184387433118398,4.597701149425287,False,Clean,False,,65,435,False,False
2026-01-11,20260111,2026,1,Jan,2,Morning,Line 1,Filler 1,Cup,Team C,Cleaning,480,45,435,29,406,1.05,20767,649,20118,0.9333333333333333,0.8951293103448277,0.9687484952087446,0.809344827586207,0.03125150479125536,0.06666666666666667,93.33333333333333,89.51293103448276,96.87484952087446,80.9344827586207,3.125150479125536,6.666666666666667,False,Clean,False,,61,435,False,False
2026-01-11,20260111,2026,1,Jan,2,Night,Line 1,Filler 1,Ice Cream Bar,Team D,Packaging Jam,480,40,440,68,372,1.15,15752,292,15460,0.8454545454545455,0.8115949820788531,0.9814626714068054,0.6734469696969697,0.018537328593194517,0.15454545454545454,84.54545454545455,81.1594982078853,98.14626714068055,67.34469696969697,1.8537328593194518,15.454545454545453,False,Clean,False,,69,440,False,False
2026-01-11,20260111,2026,1,Jan,2,Evening,Line 2,Case Packer 2,Sandwich,Team C,Packaging Jam,480,45,435,83,352,1.25,16325,394,15931,0.8091954022988506,0.9662050189393939,0.9758652373660031,0.7629789272030651,0.02413476263399694,0.19080459770114944,80.91954022988506,96.62050189393939,97.5865237366003,76.29789272030652,2.413476263399694,19.080459770114942,False,Clean,False,,66,435,False,False
2026-01-11,20260111,2026,1,Jan,2,Morning,Line 2,Freezer 2,Ice Cream Bar,Team D,Minor Stops,480,45,435,44,391,1.15,0,0,0,0.8988505747126436,0.0,,,,0.10114942528735632,89.88505747126436,0.0,,,,10.114942528735632,False,Warning,True,Zero-count production record,62,435,False,True
2026-01-11,20260111,2026,1,Jan,2,Night,Line 2,Freezer 2,Cup,Team C,Quality Hold,480,40,440,52,388,1.05,19650,1067,18583,0.8818181818181818,0.8862757731958762,0.9456997455470738,0.7390965909090909,0.05430025445292621,0.11818181818181818,88.18181818181819,88.62757731958763,94.56997455470739,73.90965909090909,5.430025445292621,11.818181818181818,False,Clean,False,,70,440,False,False
2026-01-11,20260111,2026,1,Jan,2,Evening,Line 3,Wrapper 3,Cup,Team C,Packaging Jam,480,45,435,45,390,1.05,18105,130,17975,0.896551724137931,0.8124038461538462,0.9928196630764982,0.7231321839080459,0.007180336923501795,0.10344827586206896,89.65517241379311,81.24038461538461,99.28196630764981,72.3132183908046,0.7180336923501794,10.344827586206897,False,Clean,False,,67,435,False,False
2026-01-11,20260111,2026,1,Jan,2,Morning,Line 3,Wrapper 3,Ice Cream Bar,Team B,Packaging Jam,480,45,435,71,364,1.15,16680,523,16157,0.8367816091954023,0.8782967032967033,0.9686450839328538,0.7118984674329503,0.031354916067146285,0.1632183908045977,83.67816091954023,87.82967032967034,96.86450839328538,71.18984674329502,3.1354916067146283,16.32183908045977,False,Clean,False,,63,435,False,False
2026-01-11,20260111,2026,1,Jan,2,Night,Line 3,Wrapper 3,Cone,Team C,Packaging Jam,480,40,440,53,387,1.35,16325,483,15842,0.8795454545454545,0.9491279069767442,0.9704134762633997,0.8101022727272728,0.029586523736600305,0.12045454545454545,87.95454545454545,94.91279069767442,97.04134762633997,81.01022727272728,2.9586523736600303,12.045454545454545,False,Clean,False,,71,440,False,False
2026-01-11,20260111,2026,1,Jan,2,Evening,Line 4,Extruder 4,Ice Cream Bar,Team A,Packaging Jam,480,45,435,101,334,1.15,13059,388,12671,0.767816091954023,0.7493937125748502,0.9702886897924803,0.5583007662835248,0.029711310207519718,0.23218390804597702,76.7816091954023,74.93937125748502,97.02886897924803,55.83007662835248,2.971131020751972,23.218390804597703,False,Clean,False,,68,435,False,False
2026-01-11,20260111,2026,1,Jan,2,Morning,Line 4,Cartoner 4,Ice Cream Bar,Team A,Changeover,480,45,435,61,374,1.15,17594,383,17211,0.8597701149425288,0.9016532976827094,0.9782312151869955,0.75833908045977,0.021768784813004434,0.14022988505747128,85.97701149425288,90.16532976827094,97.82312151869955,75.83390804597701,2.1768784813004434,14.022988505747128,False,Warning,True,Quality rejection code needs approval,64,435,False,True
2026-01-11,20260111,2026,1,Jan,2,Night,Line 4,Wrapper 4,Multipack,Team C,Cleaning,480,40,440,95,345,1.65,10858,292,10566,0.7840909090909091,0.8654927536231884,0.9731073862589795,0.660375,0.026892613741020446,0.2159090909090909,78.4090909090909,86.54927536231884,97.31073862589795,66.03750000000001,2.6892613741020446,21.59090909090909,False,Clean,False,,72,440,False,False
2026-01-12,20260112,2026,1,Jan,3,Evening,Line 1,Cartoner 1,Sandwich,Team C,Material Waiting,480,45,435,33,402,1.25,17258,255,17003,0.9241379310344827,0.894382255389718,0.9852242438289489,0.8143199233716475,0.014775756171051107,0.07586206896551724,92.41379310344827,89.4382255389718,98.5224243828949,81.43199233716474,1.4775756171051107,7.586206896551724,False,Clean,False,,77,435,False,False
2026-01-12,20260112,2026,1,Jan,3,Morning,Line 1,Cartoner 1,Cup,Team C,Packaging Jam,480,45,435,59,376,1.05,17045,100,16945,0.864367816091954,0.7933178191489362,0.9941331768847169,0.6816954022988506,0.005866823115283074,0.135632183908046,86.4367816091954,79.33178191489361,99.4133176884717,68.16954022988506,0.5866823115283074,13.563218390804598,False,Clean,False,,73,435,False,False
2026-01-12,20260112,2026,1,Jan,3,Night,Line 1,Wrapper 1,Multipack,Team C,Packaging Jam,480,40,440,29,411,1.65,12497,327,12170,0.9340909090909091,0.8361739659367396,0.9738337200928223,0.760625,0.026166279907177722,0.0659090909090909,93.4090909090909,83.61739659367396,97.38337200928223,76.0625,2.616627990717772,6.59090909090909,False,Warning,True,Counter reconciliation pending,81,440,False,True
2026-01-12,20260112,2026,1,Jan,3,Evening,Line 2,Filler 2,Ice Cream Bar,Team B,Breakdown,480,45,435,81,354,1.15,16425,354,16071,0.8137931034482758,0.8893008474576272,0.9784474885844748,0.7081091954022988,0.021552511415525114,0.18620689655172415,81.37931034482759,88.93008474576271,97.84474885844749,70.81091954022988,2.1552511415525113,18.620689655172416,False,Clean,False,,78,435,False,False
2026-01-12,20260112,2026,1,Jan,3,Morning,Line 2,Filler 2,Multipack,Team B,Breakdown,480,45,435,59,376,1.65,13877,531,13346,0.864367816091954,1.014940159574468,0.9617352453700367,0.8437126436781608,0.038264754629963246,0.135632183908046,86.4367816091954,101.4940159574468,96.17352453700367,84.37126436781608,3.8264754629963247,13.563218390804598,True,Warning,False,,74,435,False,True
2026-01-12,20260112,2026,1,Jan,3,Night,Line 2,Case Packer 2,Cone,Team C,Breakdown,480,40,440,52,388,1.35,16068,715,15353,0.8818181818181818,0.9317783505154641,0.9555016181229773,0.785096590909091,0.04449838187702265,0.11818181818181818,88.18181818181819,93.17783505154641,95.55016181229773,78.5096590909091,4.449838187702265,11.818181818181818,False,Clean,False,,82,440,False,False
2026-01-12,20260112,2026,1,Jan,3,Evening,Line 3,Case Packer 3,Ice Cream Bar,Team B,Packaging Jam,480,45,435,53,382,1.15,13965,98,13867,0.8781609195402299,0.700687172774869,0.9929824561403509,0.6109980842911876,0.007017543859649123,0.12183908045977011,87.816091954023,70.0687172774869,99.29824561403508,61.09980842911876,0.7017543859649122,12.183908045977011,False,Clean,False,,79,435,False,False
2026-01-12,20260112,2026,1,Jan,3,Morning,Line 3,Wrapper 3,Cup,Team C,Packaging Jam,480,45,435,61,374,1.05,19438,406,19032,0.8597701149425288,0.9095320855614973,0.9791130774771067,0.7656551724137931,0.0208869225228933,0.14022988505747128,85.97701149425288,90.95320855614973,97.91130774771068,76.56551724137931,2.08869225228933,14.022988505747128,False,Clean,False,,75,435,False,False
2026-01-12,20260112,2026,1,Jan,3,Night,Line 3,Case Packer 3,Cone,Team D,Minor Stops,480,40,440,41,399,1.35,17242,339,16903,0.9068181818181819,0.9722932330827068,0.980338707806519,0.8643579545454546,0.019661292193481034,0.09318181818181819,90.68181818181819,97.22932330827068,98.0338707806519,86.43579545454546,1.9661292193481033,9.318181818181818,False,Clean,False,,83,440,False,False
2026-01-12,20260112,2026,1,Jan,3,Evening,Line 4,Extruder 4,Multipack,Team B,Packaging Jam,480,45,435,49,386,1.65,8742,161,8581,0.8873563218390804,0.6228108808290155,0.9815831617478837,0.5424770114942528,0.01841683825211622,0.11264367816091954,88.73563218390804,62.28108808290155,98.15831617478837,54.247701149425275,1.841683825211622,11.264367816091953,False,Clean,False,,80,435,False,False
2026-01-12,20260112,2026,1,Jan,3,Morning,Line 4,Wrapper 4,Ice Cream Bar,Team A,Packaging Jam,480,45,435,115,320,1.15,14656,618,14038,0.735632183908046,0.8778333333333332,0.9578329694323144,0.6185325670498084,0.04216703056768559,0.26436781609195403,73.5632183908046,87.78333333333333,95.78329694323145,61.85325670498084,4.216703056768559,26.436781609195403,False,Clean,False,,76,435,False,False
2026-01-12,20260112,2026,1,Jan,3,Night,Line 4,Extruder 4,Multipack,Team C,Cleaning,480,40,440,56,384,1.65,10957,214,10743,0.8727272727272727,0.7846809895833333,0.9804691065072556,0.6714374999999999,0.019530893492744363,0.12727272727272726,87.27272727272727,78.46809895833333,98.04691065072556,67.14375,1.9530893492744363,12.727272727272727,False,Warning,True,Counter reconciliation pending,84,440,False,True
2026-01-13,20260113,2026,1,Jan,3,Morning,Line 1,Filler 1,Cone,Team B,Material Waiting,480,45,435,64,371,1.35,11022,171,10851,0.8528735632183908,0.6684501347708895,0.9844855743059336,0.5612586206896553,0.015514425694066412,0.1471264367816092,85.28735632183908,66.84501347708895,98.44855743059337,56.125862068965525,1.5514425694066412,14.71264367816092,False,Clean,False,,85,435,False,False
2026-01-13,20260113,2026,1,Jan,3,Night,Line 1,Cartoner 1,Cup,Team C,Minor Stops,480,40,440,20,420,1.05,21118,989,20129,0.9545454545454546,0.8799166666666667,0.9531679136281845,0.8005852272727274,0.04683208637181551,0.045454545454545456,95.45454545454545,87.99166666666667,95.31679136281845,80.05852272727275,4.683208637181551,4.545454545454546,False,Clean,False,,93,440,False,False
2026-01-13,20260113,2026,1,Jan,3,Evening,Line 2,Freezer 2,Multipack,Team C,Changeover,480,45,435,36,399,1.65,12398,348,12050,0.9172413793103448,0.8544987468671678,0.9719309566059042,0.7617816091954022,0.02806904339409582,0.08275862068965517,91.72413793103448,85.44987468671678,97.19309566059042,76.17816091954022,2.806904339409582,8.275862068965518,False,Clean,False,,90,435,False,False
2026-01-13,20260113,2026,1,Jan,3,Morning,Line 2,Case Packer 2,Sandwich,Team B,Packaging Jam,480,45,435,63,372,1.25,14994,346,14648,0.8551724137931035,0.8397177419354839,0.9769241029745231,0.7015325670498085,0.023075897025476858,0.14482758620689656,85.51724137931035,83.97177419354838,97.69241029745231,70.15325670498085,2.307589702547686,14.482758620689657,False,Warning,True,Shift handover note missing,86,435,False,True
2026-01-13,20260113,2026,1,Jan,3,Night,Line 2,Freezer 2,Multipack,Team D,Breakdown,480,40,440,43,397,1.65,11926,223,11703,0.9022727272727272,0.8261083123425692,0.981301358376656,0.7314374999999999,0.018698641623343955,0.09772727272727273,90.22727272727272,82.61083123425692,98.1301358376656,73.14374999999998,1.8698641623343955,9.772727272727273,False,Clean,False,,94,440,False,False
2026-01-13,20260113,2026,1,Jan,3,Evening,Line 3,Case Packer 3,Multipack,Team D,Packaging Jam,480,45,435,78,357,1.65,10902,320,10582,0.8206896551724138,0.8397899159663865,0.9706475875986058,0.6689770114942528,0.02935241240139424,0.1793103448275862,82.06896551724138,83.97899159663865,97.06475875986058,66.89770114942529,2.935241240139424,17.93103448275862,False,Clean,False,,91,435,False,False
2026-01-13,20260113,2026,1,Jan,3,Morning,Line 3,Wrapper 3,Multipack,Team B,Changeover,480,45,435,59,376,1.65,12367,353,12014,0.864367816091954,0.904501329787234,0.971456294978572,0.7595057471264367,0.028543705021427994,0.135632183908046,86.4367816091954,90.4501329787234,97.1456294978572,75.95057471264367,2.854370502142799,13.563218390804598,False,Clean,False,,87,435,False,False
2026-01-13,20260113,2026,1,Jan,3,Night,Line 3,Moulder 3,Cup,Team D,Cleaning,480,40,440,37,403,1.05,22152,386,21766,0.9159090909090909,0.9619354838709678,0.982574936800289,0.8656931818181819,0.017425063199711086,0.08409090909090909,91.5909090909091,96.19354838709678,98.2574936800289,86.56931818181819,1.7425063199711086,8.409090909090908,False,Clean,False,,95,440,False,False
2026-01-13,20260113,2026,1,Jan,3,Evening,Line 4,Cartoner 4,Cone,Team C,Quality Hold,480,45,435,46,389,1.35,15856,1172,14684,0.8942528735632184,0.917120822622108,0.9260847628657921,0.7595172413793104,0.07391523713420788,0.10574712643678161,89.42528735632183,91.7120822622108,92.6084762865792,75.95172413793104,7.391523713420788,10.574712643678161,False,Clean,False,,92,435,False,False
2026-01-13,20260113,2026,1,Jan,3,Morning,Line 4,Wrapper 4,Cup,Team D,Material Waiting,480,45,435,49,386,1.05,16773,240,16533,0.8873563218390804,0.7604339378238343,0.9856912895725273,0.6651206896551725,0.014308710427472724,0.11264367816091954,88.73563218390804,76.04339378238343,98.56912895725273,66.51206896551724,1.4308710427472724,11.264367816091953,False,Clean,False,,88,435,False,False
2026-01-13,20260113,2026,1,Jan,3,Night,Line 4,Cartoner 4,Cone,Team D,Quality Hold,480,40,440,71,369,1.35,11892,671,11221,0.8386363636363636,0.7251219512195122,0.9435755129498823,0.5738011363636364,0.056424487050117725,0.16136363636363638,83.86363636363636,72.51219512195122,94.35755129498823,57.38011363636364,5.642448705011772,16.136363636363637,False,Clean,False,,96,440,False,False
2026-01-14,20260114,2026,1,Jan,3,Evening,Line 1,Cartoner 1,Ice Cream Bar,Team B,Packaging Jam,480,45,435,65,370,1.15,19771,535,19236,0.8505747126436781,1.0241734234234234,0.9729401648879672,0.8475632183908045,0.027059835112032776,0.14942528735632185,85.0574712643678,102.41734234234234,97.29401648879671,84.75632183908046,2.7059835112032777,14.942528735632186,True,Warning,False,,101,435,False,True
2026-01-14,20260114,2026,1,Jan,3,Morning,Line 1,Cartoner 1,Multipack,Team D,Packaging Jam,480,45,435,41,394,1.65,10851,364,10487,0.9057471264367816,0.7573667512690354,0.9664547046355174,0.6629712643678158,0.03354529536448254,0.09425287356321839,90.57471264367815,75.73667512690353,96.64547046355175,66.29712643678158,3.3545295364482537,9.425287356321839,False,Warning,True,Shift handover note missing,97,435,False,True
2026-01-14,20260114,2026,1,Jan,3,Night,Line 1,Wrapper 1,Sandwich,Team A,Changeover,480,40,440,55,385,1.25,15120,75,15045,0.875,0.8181818181818182,0.9950396825396826,0.7123579545454546,0.00496031746031746,0.125,87.5,81.81818181818183,99.50396825396825,71.23579545454545,0.496031746031746,12.5,False,Clean,False,,105,440,False,False
2026-01-14,20260114,2026,1,Jan,3,Evening,Line 2,Filler 2,Cup,Team B,Material Waiting,480,45,435,30,405,1.05,20207,410,19797,0.9310344827586207,0.873141975308642,0.979710001484634,0.7964310344827586,0.020289998515365962,0.06896551724137931,93.10344827586206,87.3141975308642,97.9710001484634,79.64310344827587,2.028999851536596,6.896551724137931,False,Clean,False,,102,435,False,False
2026-01-14,20260114,2026,1,Jan,3,Morning,Line 2,Filler 2,Cone,Team D,Quality Hold,480,45,435,56,379,1.35,14848,631,14217,0.871264367816092,0.8814775725593669,0.9575026939655172,0.7353620689655174,0.042497306034482756,0.12873563218390804,87.1264367816092,88.14775725593668,95.75026939655173,73.53620689655173,4.249730603448276,12.873563218390805,False,Warning,True,Shift handover note missing,98,435,False,True
2026-01-14,20260114,2026,1,Jan,3,Night,Line 2,Freezer 2,Multipack,Team A,Changeover,480,40,440,38,402,1.65,13549,395,13154,0.9136363636363637,0.9268594527363183,0.9708465569414717,0.822125,0.029153443058528305,0.08636363636363636,91.36363636363637,92.68594527363183,97.08465569414717,82.2125,2.9153443058528303,8.636363636363637,False,Clean,False,,106,440,False,False
2026-01-14,20260114,2026,1,Jan,3,Evening,Line 3,Moulder 3,Ice Cream Bar,Team B,Breakdown,480,45,435,66,369,1.15,17048,248,16800,0.8482758620689655,0.8855103884372175,0.985452839042703,0.7402298850574712,0.014547160957297044,0.15172413793103448,84.82758620689656,88.55103884372176,98.54528390427029,74.02298850574712,1.4547160957297043,15.172413793103448,False,Clean,False,,103,435,False,False
2026-01-14,20260114,2026,1,Jan,3,Morning,Line 3,Case Packer 3,Cup,Team D,Packaging Jam,480,45,435,42,393,1.05,14978,663,14315,0.903448275862069,0.6669592875318067,0.955735078114568,0.5758908045977011,0.04426492188543197,0.09655172413793103,90.3448275862069,66.69592875318067,95.5735078114568,57.589080459770116,4.426492188543197,9.655172413793103,False,Clean,False,,99,435,False,False
2026-01-14,20260114,2026,1,Jan,3,Night,Line 3,Moulder 3,Cone,Team C,Quality Hold,480,40,440,46,394,1.35,16203,931,15272,0.8954545454545455,0.9252982233502539,0.9425415046596309,0.7809545454545456,0.057458495340369065,0.10454545454545454,89.54545454545455,92.52982233502539,94.2541504659631,78.09545454545456,5.745849534036907,10.454545454545453,False,Clean,False,,107,440,False,False
2026-01-14,20260114,2026,1,Jan,3,Evening,Line 4,Wrapper 4,Sandwich,Team B,Cleaning,480,45,435,34,401,1.25,16526,234,16292,0.9218390804597701,0.8585827098919369,0.9858404937673968,0.7802681992337165,0.014159506232603172,0.07816091954022988,92.18390804597702,85.85827098919368,98.58404937673969,78.02681992337165,1.4159506232603172,7.816091954022989,False,Clean,False,,104,435,False,False
2026-01-14,20260114,2026,1,Jan,3,Morning,Line 4,Extruder 4,Sandwich,Team C,Material Waiting,480,45,435,61,374,1.25,15027,341,14686,0.8597701149425288,0.8370655080213903,0.9773075131430092,0.703352490421456,0.02269248685699075,0.14022988505747128,85.97701149425288,83.70655080213903,97.73075131430092,70.33524904214559,2.269248685699075,14.022988505747128,False,Clean,False,,100,435,False,False
2026-01-14,20260114,2026,1,Jan,3,Night,Line 4,Cartoner 4,Cup,Team B,Quality Hold,480,40,440,55,385,1.05,18153,803,17350,0.875,0.8251363636363637,0.9557648873464442,0.6900568181818183,0.04423511265355588,0.125,87.5,82.51363636363637,95.57648873464441,69.00568181818183,4.423511265355589,12.5,False,Clean,False,,108,440,False,False
2026-01-15,20260115,2026,1,Jan,3,Morning,Line 1,Wrapper 1,Ice Cream Bar,Team C,Minor Stops,480,45,435,45,390,1.15,17099,622,16477,0.896551724137931,0.84033547008547,0.9636236037195157,0.7259980842911877,0.03637639628048424,0.10344827586206896,89.65517241379311,84.033547008547,96.36236037195157,72.59980842911877,3.637639628048424,10.344827586206897,False,Clean,False,,109,435,False,False
2026-01-15,20260115,2026,1,Jan,3,Night,Line 1,Filler 1,Cup,Team C,Material Waiting,480,40,440,29,411,1.05,16703,437,16266,0.9340909090909091,0.711198296836983,0.9738370352631264,0.6469431818181818,0.026162964736873615,0.0659090909090909,93.4090909090909,71.1198296836983,97.38370352631264,64.69431818181818,2.6162964736873615,6.59090909090909,False,Clean,False,,117,440,False,False
2026-01-15,20260115,2026,1,Jan,3,Evening,Line 2,Filler 2,Cup,Team C,Changeover,480,45,435,23,412,1.05,17428,242,17186,0.9471264367816092,0.7402669902912622,0.9861142988294698,0.6913908045977012,0.01388570117053018,0.052873563218390804,94.71264367816093,74.02669902912622,98.61142988294698,69.13908045977011,1.388570117053018,5.287356321839081,False,Clean,False,,114,435,False,False
2026-01-15,20260115,2026,1,Jan,3,Morning,Line 2,Filler 2,Multipack,Team D,Breakdown,480,45,435,26,409,1.65,11643,163,11480,0.9402298850574713,0.7828422982885086,0.9860001717770334,0.7257471264367816,0.013999828222966589,0.059770114942528735,94.02298850574712,78.28422982885085,98.60001717770334,72.57471264367817,1.3999828222966588,5.977011494252873,False,Clean,False,,110,435,False,False
2026-01-15,20260115,2026,1,Jan,3,Night,Line 2,Freezer 2,Multipack,Team A,Packaging Jam,480,40,440,51,389,1.65,12178,260,11918,0.884090909090909,0.8609125964010284,0.978650024634587,0.7448750000000001,0.02134997536541304,0.1159090909090909,88.4090909090909,86.09125964010283,97.8650024634587,74.48750000000001,2.134997536541304,11.59090909090909,False,Clean,False,,118,440,False,False
2026-01-15,20260115,2026,1,Jan,3,Evening,Line 3,Moulder 3,Cone,Team B,Breakdown,480,45,435,39,396,1.35,15766,405,15361,0.9103448275862069,0.8957954545454546,0.9743118102245338,0.7945344827586208,0.02568818977546619,0.0896551724137931,91.0344827586207,89.57954545454547,97.43118102245339,79.45344827586209,2.568818977546619,8.96551724137931,False,Warning,True,Quality rejection code needs approval,115,435,False,True
2026-01-15,20260115,2026,1,Jan,3,Morning,Line 3,Moulder 3,Cone,Team A,Breakdown,480,45,435,56,379,1.35,15900,211,15689,0.871264367816092,0.9439313984168866,0.9867295597484277,0.8115,0.013270440251572327,0.12873563218390804,87.1264367816092,94.39313984168865,98.67295597484276,81.15,1.3270440251572326,12.873563218390805,False,Clean,False,,111,435,False,False
2026-01-15,20260115,2026,1,Jan,3,Night,Line 3,Wrapper 3,Sandwich,Team A,Minor Stops,480,40,440,63,377,1.25,14229,501,13728,0.8568181818181818,0.7863063660477454,0.9647902171621336,0.65,0.03520978283786633,0.1431818181818182,85.68181818181819,78.63063660477454,96.47902171621337,65.0,3.520978283786633,14.318181818181818,False,Clean,False,,119,440,False,False
2026-01-15,20260115,2026,1,Jan,3,Evening,Line 4,Extruder 4,Ice Cream Bar,Team D,Breakdown,480,45,435,84,351,1.15,16931,94,16837,0.8068965517241379,0.9245322886989552,0.9944480538656901,0.7418601532567048,0.005551946134309846,0.19310344827586207,80.6896551724138,92.45322886989553,99.44480538656902,74.18601532567048,0.5551946134309845,19.310344827586206,False,Clean,False,,116,435,False,False
2026-01-15,20260115,2026,1,Jan,3,Morning,Line 4,Extruder 4,Sandwich,Team A,Cleaning,480,45,435,72,363,1.25,14965,500,14465,0.8344827586206897,0.8588728191000918,0.9665887069829603,0.6927681992337165,0.03341129301703976,0.16551724137931034,83.44827586206897,85.88728191000918,96.65887069829603,69.27681992337165,3.341129301703976,16.551724137931036,False,Clean,False,,112,435,False,False
2026-01-15,20260115,2026,1,Jan,3,Night,Line 4,Extruder 4,Multipack,Team A,Cleaning,480,40,440,73,367,1.65,12157,353,11804,0.8340909090909091,0.9109468664850136,0.9709632310602945,0.73775,0.02903676893970552,0.16590909090909092,83.4090909090909,91.09468664850135,97.09632310602944,73.775,2.9036768939705517,16.590909090909093,False,Clean,False,,120,440,False,False
2026-01-16,20260116,2026,1,Jan,3,Evening,Line 1,Filler 1,Ice Cream Bar,Team D,Packaging Jam,480,45,435,25,410,1.15,18186,671,17515,0.9425287356321839,0.8501585365853658,0.9631034861981744,0.7717337164750957,0.03689651380182558,0.05747126436781609,94.25287356321839,85.01585365853657,96.31034861981745,77.17337164750957,3.689651380182558,5.747126436781609,False,Clean,False,,125,435,False,False
2026-01-16,20260116,2026,1,Jan,3,Morning,Line 1,Filler 1,Cone,Team A,Breakdown,480,45,435,31,404,1.35,17857,816,17041,0.9287356321839081,0.9945111386138614,0.9543036344290754,0.8814310344827587,0.04569636557092457,0.07126436781609195,92.87356321839081,99.45111386138615,95.43036344290753,88.14310344827587,4.569636557092457,7.126436781609195,False,Clean,False,,121,435,False,False
2026-01-16,20260116,2026,1,Jan,3,Night,Line 1,Wrapper 1,Ice Cream Bar,Team D,Breakdown,480,40,440,75,365,1.15,14606,73,14533,0.8295454545454546,0.7669817351598173,0.9950020539504313,0.6330662878787878,0.00499794604956867,0.17045454545454544,82.95454545454545,76.69817351598172,99.50020539504312,63.30662878787878,0.499794604956867,17.045454545454543,False,Clean,False,,129,440,False,False
2026-01-16,20260116,2026,1,Jan,3,Evening,Line 2,Case Packer 2,Sandwich,Team B,Packaging Jam,480,45,435,48,387,1.25,16487,487,16000,0.8896551724137931,0.8875430663221361,0.9704615757869837,0.7662835249042145,0.029538424213016317,0.1103448275862069,88.96551724137932,88.75430663221361,97.04615757869837,76.62835249042145,2.9538424213016317,11.03448275862069,False,Clean,False,,126,435,False,False
2026-01-16,20260116,2026,1,Jan,3,Morning,Line 2,Filler 2,Sandwich,Team C,Breakdown,480,45,435,67,368,1.25,13645,406,13239,0.8459770114942529,0.7724750905797102,0.970245511176255,0.634051724137931,0.02975448882374496,0.15402298850574714,84.59770114942529,77.24750905797102,97.0245511176255,63.405172413793096,2.9754488823744962,15.402298850574713,False,Clean,False,,122,435,False,False
2026-01-16,20260116,2026,1,Jan,3,Night,Line 2,Case Packer 2,Multipack,Team D,Cleaning,480,40,440,52,388,1.65,13504,67,13437,0.8818181818181818,0.9571134020618556,0.9950385071090048,0.8398125,0.004961492890995261,0.11818181818181818,88.18181818181819,95.71134020618555,99.50385071090048,83.98125,0.49614928909952605,11.818181818181818,False,Clean,False,,130,440,False,False
2026-01-16,20260116,2026,1,Jan,3,Evening,Line 3,Wrapper 3,Multipack,Team D,Packaging Jam,480,45,435,39,396,1.65,12016,331,11685,0.9103448275862069,0.8344444444444443,0.972453395472703,0.7387068965517241,0.027546604527296938,0.0896551724137931,91.0344827586207,83.44444444444443,97.2453395472703,73.87068965517241,2.7546604527296936,8.96551724137931,False,Warning,True,Downtime reason manually reclassified,127,435,False,True
2026-01-16,20260116,2026,1,Jan,3,Morning,Line 3,Case Packer 3,Ice Cream Bar,Team C,Breakdown,480,45,435,55,380,1.15,19901,711,19190,0.8735632183908046,1.0037785087719298,0.9642731521029094,0.8455363984674329,0.035726847897090595,0.12643678160919541,87.35632183908046,100.37785087719297,96.42731521029094,84.5536398467433,3.5726847897090597,12.643678160919542,True,Warning,False,,123,435,False,True
2026-01-16,20260116,2026,1,Jan,3,Night,Line 3,Wrapper 3,Cup,Team A,Minor Stops,480,40,440,32,408,1.05,18382,387,17995,0.9272727272727272,0.7884436274509805,0.978946795778479,0.7157102272727274,0.021053204221521054,0.07272727272727272,92.72727272727272,78.84436274509805,97.8946795778479,71.57102272727273,2.1053204221521056,7.2727272727272725,False,Clean,False,,131,440,False,False
2026-01-16,20260116,2026,1,Jan,3,Evening,Line 4,Wrapper 4,Cone,Team B,Cleaning,480,45,435,51,384,1.35,15102,304,14798,0.8827586206896552,0.8848828125,0.9798702158654483,0.7654137931034483,0.020129784134551715,0.11724137931034483,88.27586206896552,88.48828125,97.98702158654483,76.54137931034482,2.0129784134551714,11.724137931034482,False,Clean,False,,128,435,False,False
2026-01-16,20260116,2026,1,Jan,3,Morning,Line 4,Extruder 4,Sandwich,Team D,Material Waiting,480,45,435,48,387,1.25,15750,252,15498,0.8896551724137931,0.8478682170542635,0.984,0.7422413793103448,0.016,0.1103448275862069,88.96551724137932,84.78682170542635,98.4,74.22413793103448,1.6,11.03448275862069,False,Clean,False,,124,435,False,False
2026-01-16,20260116,2026,1,Jan,3,Night,Line 4,Cartoner 4,Cup,Team C,Breakdown,480,40,440,102,338,1.05,16665,767,15898,0.7681818181818182,0.8628328402366864,0.953975397539754,0.6323068181818182,0.04602460246024603,0.2318181818181818,76.81818181818181,86.28328402366864,95.39753975397541,63.23068181818182,4.602460246024602,23.18181818181818,False,Clean,False,,132,440,False,False
2026-01-17,20260117,2026,1,Jan,3,Evening,Line 1,Filler 1,Ice Cream Bar,Team B,Minor Stops,480,45,435,41,394,1.15,14567,72,14495,0.9057471264367816,0.7086315566835871,0.995057321342761,0.638668582375479,0.0049426786572389645,0.09425287356321839,90.57471264367815,70.86315566835871,99.5057321342761,63.866858237547895,0.49426786572389647,9.425287356321839,False,Clean,False,,137,435,False,False
2026-01-17,20260117,2026,1,Jan,3,Morning,Line 1,Wrapper 1,Cone,Team B,Packaging Jam,480,45,435,67,368,1.35,13140,481,12659,0.8459770114942529,0.8033967391304347,0.9633942161339422,0.6547758620689654,0.03660578386605784,0.15402298850574714,84.59770114942529,80.33967391304347,96.33942161339422,65.47758620689655,3.660578386605784,15.402298850574713,False,Clean,False,,133,435,False,False
2026-01-17,20260117,2026,1,Jan,3,Night,Line 1,Wrapper 1,Cup,Team C,Changeover,480,40,440,23,417,1.05,21235,557,20678,0.9477272727272728,0.8911570743405276,0.9737697198022133,0.8224204545454545,0.026230280197786674,0.05227272727272727,94.77272727272728,89.11570743405277,97.37697198022133,82.24204545454545,2.6230280197786673,5.227272727272727,False,Clean,False,,141,440,False,False
2026-01-17,20260117,2026,1,Jan,3,Evening,Line 2,Filler 2,Ice Cream Bar,Team B,Packaging Jam,480,45,435,65,370,1.15,16950,616,16334,0.8505747126436781,0.8780405405405406,0.9636578171091446,0.7196973180076628,0.03634218289085546,0.14942528735632185,85.0574712643678,87.80405405405406,96.36578171091446,71.96973180076628,3.634218289085546,14.942528735632186,False,Clean,False,,138,435,False,False
2026-01-17,20260117,2026,1,Jan,3,Morning,Line 2,Freezer 2,Cup,Team B,Changeover,480,45,435,60,375,1.05,18906,475,18431,0.8620689655172413,0.88228,0.9748757008357135,0.7414770114942528,0.02512429916428647,0.13793103448275862,86.20689655172413,88.228,97.48757008357136,74.14770114942529,2.5124299164286468,13.793103448275861,False,Clean,False,,134,435,False,False
2026-01-17,20260117,2026,1,Jan,3,Night,Line 2,Filler 2,Ice Cream Bar,Team A,Minor Stops,480,40,440,84,356,1.15,15638,151,15487,0.8090909090909091,0.8419335205992508,0.9903440337639084,0.6746231060606058,0.009655966236091572,0.19090909090909092,80.9090909090909,84.19335205992508,99.03440337639084,67.46231060606058,0.9655966236091572,19.090909090909093,False,Clean,False,,142,440,False,False
2026-01-17,20260117,2026,1,Jan,3,Evening,Line 3,Wrapper 3,Sandwich,Team A,Breakdown,480,45,435,76,359,1.25,14224,71,14153,0.825287356321839,0.8254410399257196,0.9950084364454443,0.6778256704980843,0.004991563554555681,0.17471264367816092,82.5287356321839,82.54410399257196,99.50084364454443,67.78256704980843,0.4991563554555681,17.47126436781609,False,Clean,False,,139,435,False,False
2026-01-17,20260117,2026,1,Jan,3,Morning,Line 3,Moulder 3,Multipack,Team B,Minor Stops,480,45,435,29,406,1.65,10993,267,10726,0.9333333333333333,0.7445997536945813,0.9757118166105704,0.678080459770115,0.024288183389429636,0.06666666666666667,93.33333333333333,74.45997536945814,97.57118166105704,67.8080459770115,2.4288183389429636,6.666666666666667,False,Clean,False,,135,435,False,False
2026-01-17,20260117,2026,1,Jan,3,Night,Line 3,Wrapper 3,Sandwich,Team A,Cleaning,480,40,440,55,385,1.25,14972,551,14421,0.875,0.8101731601731602,0.9631979695431472,0.6828125,0.03680203045685279,0.125,87.5,81.01731601731602,96.31979695431471,68.28125,3.6802030456852792,12.5,False,Clean,False,,143,440,False,False
2026-01-17,20260117,2026,1,Jan,3,Evening,Line 4,Wrapper 4,Multipack,Team B,Material Waiting,480,45,435,59,376,1.65,11800,250,11550,0.864367816091954,0.863031914893617,0.9788135593220338,0.7301724137931033,0.0211864406779661,0.135632183908046,86.4367816091954,86.3031914893617,97.88135593220339,73.01724137931032,2.11864406779661,13.563218390804598,False,Clean,False,,140,435,False,False
2026-01-17,20260117,2026,1,Jan,3,Morning,Line 4,Extruder 4,Cone,Team A,Changeover,480,45,435,46,389,1.35,14305,257,14048,0.8942528735632184,0.8274100257069409,0.9820342537574275,0.7266206896551725,0.017965746242572526,0.10574712643678161,89.42528735632183,82.74100257069409,98.20342537574275,72.66206896551725,1.7965746242572527,10.574712643678161,False,Clean,False,,136,435,False,False
2026-01-17,20260117,2026,1,Jan,3,Night,Line 4,Cartoner 4,Cup,Team A,Changeover,480,40,440,76,364,1.05,20156,100,20056,0.8272727272727273,0.9690384615384615,0.9950386981543957,0.7976818181818182,0.004961301845604287,0.17272727272727273,82.72727272727273,96.90384615384615,99.50386981543957,79.76818181818182,0.4961301845604287,17.272727272727273,False,Clean,False,,144,440,False,False
2026-01-18,20260118,2026,1,Jan,3,Evening,Line 1,Filler 1,Sandwich,Team D,Packaging Jam,480,45,435,26,409,1.25,17593,540,17053,0.9402298850574713,0.8961389568052159,0.9693059739669186,0.8167145593869731,0.03069402603308134,0.059770114942528735,94.02298850574712,89.6138956805216,96.93059739669187,81.6714559386973,3.069402603308134,5.977011494252873,False,Clean,False,,149,435,False,False
2026-01-18,20260118,2026,1,Jan,3,Morning,Line 1,Filler 1,Sandwich,Team D,Packaging Jam,480,45,435,51,384,1.25,18626,427,18199,0.8827586206896552,1.0105251736111112,0.9770750563728122,0.8715996168582376,0.0229249436271878,0.11724137931034483,88.27586206896552,101.05251736111111,97.70750563728122,87.15996168582376,2.29249436271878,11.724137931034482,True,Warning,False,,145,435,False,True
2026-01-18,20260118,2026,1,Jan,3,Night,Line 1,Wrapper 1,Sandwich,Team B,Packaging Jam,480,40,440,71,369,1.25,14648,117,14531,0.8386363636363636,0.8270099367660343,0.992012561441835,0.6880208333333332,0.007987438558164937,0.16136363636363638,83.86363636363636,82.70099367660343,99.2012561441835,68.80208333333331,0.7987438558164938,16.136363636363637,False,Clean,False,,153,440,False,False
2026-01-18,20260118,2026,1,Jan,3,Evening,Line 2,Filler 2,Cup,Team D,Changeover,480,45,435,52,383,1.05,22748,568,22180,0.8804597701149425,1.0393994778067885,0.9750307719359944,0.8922988505747127,0.024969228064005627,0.11954022988505747,88.04597701149424,103.93994778067885,97.50307719359944,89.22988505747126,2.496922806400563,11.954022988505747,True,Warning,False,,150,435,False,True
2026-01-18,20260118,2026,1,Jan,3,Morning,Line 2,Freezer 2,Sandwich,Team A,Breakdown,480,45,435,64,371,1.6875,15953,621,15332,0.8528735632183908,1.209375,0.9610731523851314,0.9912931034482759,0.03892684761486868,0.1471264367816092,85.28735632183908,120.93750000000001,96.10731523851314,99.12931034482759,3.892684761486868,14.71264367816092,True,Warning,True,Ideal cycle time master data needs review,146,435,False,True
2026-01-18,20260118,2026,1,Jan,3,Night,Line 2,Case Packer 2,Multipack,Team B,Changeover,480,40,440,63,377,1.65,12596,371,12225,0.8568181818181818,0.9188063660477452,0.9705462051444903,0.7640624999999999,0.029453794855509686,0.1431818181818182,85.68181818181819,91.88063660477452,97.05462051444903,76.40624999999999,2.9453794855509687,14.318181818181818,False,Warning,True,Quality rejection code needs approval,154,440,False,True
2026-01-18,20260118,2026,1,Jan,3,Evening,Line 3,Moulder 3,Cone,Team D,Cleaning,480,45,435,45,390,1.35,14857,128,14729,0.896551724137931,0.8571346153846154,0.9913845325435822,0.761844827586207,0.00861546745641785,0.10344827586206896,89.65517241379311,85.71346153846154,99.13845325435821,76.1844827586207,0.8615467456417849,10.344827586206897,False,Clean,False,,151,435,False,False
2026-01-18,20260118,2026,1,Jan,3,Morning,Line 3,Wrapper 3,Ice Cream Bar,Team C,Changeover,480,45,435,51,384,1.15,18736,663,18073,0.8827586206896552,0.935173611111111,0.9646135781383433,0.7963199233716474,0.035386421861656706,0.11724137931034483,88.27586206896552,93.5173611111111,96.46135781383433,79.63199233716473,3.5386421861656707,11.724137931034482,False,Clean,False,,147,435,False,False
2026-01-18,20260118,2026,1,Jan,3,Night,Line 3,Case Packer 3,Cone,Team B,Packaging Jam,480,40,440,68,372,1.35,13818,265,13553,0.8454545454545455,0.8357661290322582,0.9808221160804748,0.6930511363636365,0.019177883919525258,0.15454545454545454,84.54545454545455,83.57661290322582,98.08221160804747,69.30511363636364,1.9177883919525258,15.454545454545453,False,Clean,False,,155,440,False,False
2026-01-18,20260118,2026,1,Jan,3,Evening,Line 4,Extruder 4,Sandwich,Team A,Cleaning,480,45,435,62,373,1.25,14992,355,14637,0.8574712643678161,0.837354781054513,0.976320704375667,0.7010057471264368,0.023679295624332977,0.1425287356321839,85.74712643678161,83.7354781054513,97.6320704375667,70.10057471264368,2.367929562433298,14.25287356321839,False,Clean,False,,152,435,False,False
2026-01-18,20260118,2026,1,Jan,3,Morning,Line 4,Extruder 4,Ice Cream Bar,Team D,Packaging Jam,480,45,435,93,342,1.15,15758,326,15432,0.7862068965517242,0.8831237816764131,0.9793120954435842,0.6799540229885056,0.02068790455641579,0.21379310344827587,78.62068965517241,88.31237816764131,97.93120954435842,67.99540229885056,2.068790455641579,21.379310344827587,False,Clean,False,,148,435,False,False
2026-01-18,20260118,2026,1,Jan,3,Night,Line 4,Cartoner 4,Sandwich,Team B,Packaging Jam,480,40,440,72,368,1.25,15689,536,15153,0.8363636363636363,0.8881906702898551,0.965835936006119,0.7174715909090909,0.03416406399388106,0.16363636363636364,83.63636363636363,88.81906702898551,96.58359360061189,71.74715909090908,3.4164063993881064,16.363636363636363,False,Clean,False,,156,440,False,False
2026-01-19,20260119,2026,1,Jan,4,Evening,Line 1,Cartoner 1,Cup,Team C,Minor Stops,480,45,435,5,430,1.05,21202,528,20674,0.9885057471264368,0.8628720930232558,0.9750966889916046,0.831712643678161,0.024903311008395435,0.011494252873563218,98.85057471264368,86.28720930232558,97.50966889916046,83.1712643678161,2.4903311008395432,1.1494252873563218,False,Clean,False,,161,435,False,False
2026-01-19,20260119,2026,1,Jan,4,Morning,Line 1,Cartoner 1,Multipack,Team B,Cleaning,480,45,435,41,394,1.65,11485,230,11255,0.9057471264367816,0.8016180203045685,0.9799738789725729,0.7115229885057471,0.02002612102742708,0.09425287356321839,90.57471264367815,80.16180203045685,97.9973878972573,71.15229885057471,2.0026121027427077,9.425287356321839,False,Clean,False,,157,435,False,False
2026-01-19,20260119,2026,1,Jan,4,Night,Line 1,Cartoner 1,Ice Cream Bar,Team C,Packaging Jam,480,40,440,55,385,1.15,21204,179,21025,0.875,1.0556103896103894,0.9915581965666855,0.9158617424242422,0.008441803433314469,0.125,87.5,105.56103896103895,99.15581965666856,91.58617424242422,0.8441803433314469,12.5,True,Warning,False,,165,440,False,True
2026-01-19,20260119,2026,1,Jan,4,Evening,Line 2,Freezer 2,Sandwich,Team B,Packaging Jam,480,45,435,73,362,1.25,14209,354,13855,0.832183908045977,0.817737108655617,0.9750862129636146,0.6635536398467434,0.02491378703638539,0.167816091954023,83.2183908045977,81.7737108655617,97.50862129636147,66.35536398467434,2.491378703638539,16.7816091954023,False,Clean,False,,162,435,False,False
2026-01-19,20260119,2026,1,Jan,4,Morning,Line 2,Case Packer 2,Ice Cream Bar,Team A,Packaging Jam,480,45,435,60,375,1.15,18009,532,17477,0.8620689655172413,0.92046,0.9704592148370259,0.7700593869731799,0.029540785162974068,0.13793103448275862,86.20689655172413,92.04599999999999,97.04592148370259,77.00593869731799,2.954078516297407,13.793103448275861,False,Clean,False,,158,435,False,False
2026-01-19,20260119,2026,1,Jan,4,Night,Line 2,Freezer 2,Multipack,Team B,Changeover,480,40,440,67,373,1.65,11497,488,11009,0.8477272727272728,0.8476340482573727,0.9575541445594503,0.6880625,0.042445855440549705,0.15227272727272728,84.77272727272728,84.76340482573727,95.75541445594503,68.80625,4.244585544054971,15.227272727272728,False,Clean,False,,166,440,False,False
2026-01-19,20260119,2026,1,Jan,4,Evening,Line 3,Wrapper 3,Cone,Team B,Minor Stops,480,45,435,55,380,1.35,13234,485,12749,0.8735632183908046,0.7835921052631579,0.9633519721928366,0.6594310344827586,0.03664802780716337,0.12643678160919541,87.35632183908046,78.35921052631579,96.33519721928366,65.94310344827586,3.6648027807163372,12.643678160919542,False,Clean,False,,163,435,False,False
2026-01-19,20260119,2026,1,Jan,4,Morning,Line 3,Moulder 3,Sandwich,Team D,Packaging Jam,480,45,435,32,403,1.25,15018,191,14827,0.9264367816091954,0.7763647642679901,0.9872819283526435,0.7101053639846744,0.012718071647356506,0.0735632183908046,92.64367816091954,77.636476426799,98.72819283526435,71.01053639846744,1.2718071647356506,7.35632183908046,False,Clean,False,,159,435,False,False
2026-01-19,20260119,2026,1,Jan,4,Night,Line 3,Case Packer 3,Cone,Team A,Breakdown,480,40,440,56,384,1.35,13213,402,12811,0.8727272727272727,0.7741992187500001,0.9695754181487929,0.6551079545454546,0.030424581851207146,0.12727272727272726,87.27272727272727,77.41992187500001,96.95754181487929,65.51079545454546,3.0424581851207146,12.727272727272727,False,Clean,False,,167,440,False,False
2026-01-19,20260119,2026,1,Jan,4,Evening,Line 4,Cartoner 4,Multipack,Team B,Changeover,480,45,435,59,376,1.65,12352,167,12185,0.864367816091954,0.9034042553191489,0.9864799222797928,0.770316091954023,0.013520077720207253,0.135632183908046,86.4367816091954,90.34042553191489,98.64799222797927,77.0316091954023,1.3520077720207253,13.563218390804598,False,Clean,False,,164,435,False,False
2026-01-19,20260119,2026,1,Jan,4,Morning,Line 4,Cartoner 4,Cone,Team A,Changeover,480,45,435,73,362,1.35,14243,426,13817,0.832183908045977,0.8852693370165747,0.970090570806712,0.7146724137931035,0.029909429193287932,0.167816091954023,83.2183908045977,88.52693370165747,97.0090570806712,71.46724137931035,2.990942919328793,16.7816091954023,False,Clean,False,,160,435,False,False
2026-01-19,20260119,2026,1,Jan,4,Night,Line 4,Cartoner 4,Ice Cream Bar,Team D,Breakdown,480,40,440,68,372,1.15,14218,199,14019,0.8454545454545455,0.7325582437275985,0.9860036573357716,0.6106761363636363,0.013996342664228443,0.15454545454545454,84.54545454545455,73.25582437275985,98.60036573357715,61.067613636363625,1.3996342664228443,15.454545454545453,False,Clean,False,,168,440,False,False
2026-01-20,20260120,2026,1,Jan,4,Evening,Line 1,Wrapper 1,Ice Cream Bar,Team D,Breakdown,480,45,435,60,375,1.15,15108,504,14604,0.8620689655172413,0.7721866666666666,0.9666401906274821,0.643471264367816,0.03335980937251787,0.13793103448275862,86.20689655172413,77.21866666666666,96.66401906274821,64.3471264367816,3.3359809372517866,13.793103448275861,False,Clean,False,,173,435,False,False
2026-01-20,20260120,2026,1,Jan,4,Morning,Line 1,Wrapper 1,Ice Cream Bar,Team C,Packaging Jam,480,45,435,44,391,1.15,19886,555,19331,0.8988505747126436,0.9748039215686274,0.9720909182339335,0.8517490421455938,0.02790908176606658,0.10114942528735632,89.88505747126436,97.48039215686273,97.20909182339335,85.17490421455938,2.790908176606658,10.114942528735632,False,Clean,False,,169,435,False,False
2026-01-20,20260120,2026,1,Jan,4,Night,Line 1,Filler 1,Ice Cream Bar,Team A,Quality Hold,480,40,440,29,411,1.15,17990,751,17239,0.9340909090909091,0.8389497161394972,0.9582545858810451,0.7509412878787879,0.04174541411895497,0.0659090909090909,93.4090909090909,83.89497161394972,95.82545858810451,75.09412878787879,4.174541411895497,6.59090909090909,False,Clean,False,,177,440,False,False
2026-01-20,20260120,2026,1,Jan,4,Evening,Line 2,Case Packer 2,Sandwich,Team B,Changeover,480,45,435,83,352,1.25,14163,158,14005,0.8091954022988506,0.8382457386363636,0.9888441714326061,0.6707375478927202,0.011155828567393914,0.19080459770114944,80.91954022988506,83.82457386363636,98.8844171432606,67.07375478927202,1.1155828567393915,19.080459770114942,False,Clean,False,,174,435,False,False
2026-01-20,20260120,2026,1,Jan,4,Morning,Line 2,Filler 2,Multipack,Team B,Minor Stops,480,45,435,45,390,1.65,10610,68,10542,0.896551724137931,0.7481410256410257,0.9935909519321395,0.6664482758620691,0.0064090480678605085,0.10344827586206896,89.65517241379311,74.81410256410257,99.35909519321396,66.64482758620692,0.6409048067860509,10.344827586206897,False,Clean,False,,170,435,False,False
2026-01-20,20260120,2026,1,Jan,4,Night,Line 2,Freezer 2,Cup,Team C,Packaging Jam,480,40,440,66,374,1.05,18443,441,18002,0.85,0.8629745989304813,0.9760884888575612,0.7159886363636364,0.023911511142438866,0.15,85.0,86.29745989304813,97.60884888575612,71.59886363636365,2.3911511142438866,15.0,False,Clean,False,,178,440,False,False
2026-01-20,20260120,2026,1,Jan,4,Evening,Line 3,Moulder 3,Cone,Team A,Minor Stops,480,45,435,63,372,1.35,13740,401,13339,0.8551724137931035,0.8310483870967742,0.9708151382823872,0.689948275862069,0.02918486171761281,0.14482758620689656,85.51724137931035,83.10483870967742,97.08151382823871,68.9948275862069,2.918486171761281,14.482758620689657,False,Warning,True,Shift handover note missing,175,435,False,True
2026-01-20,20260120,2026,1,Jan,4,Morning,Line 3,Wrapper 3,Ice Cream Bar,Team A,Material Waiting,480,45,435,51,384,1.15,18504,502,18002,0.8827586206896552,0.92359375,0.9728707306528318,0.793191570881226,0.02712926934716818,0.11724137931034483,88.27586206896552,92.359375,97.28707306528318,79.31915708812261,2.712926934716818,11.724137931034482,False,Clean,False,,171,435,False,False
2026-01-20,20260120,2026,1,Jan,4,Night,Line 3,Moulder 3,Cup,Team B,Changeover,480,40,440,44,396,1.05,19486,648,18838,0.9,0.8611237373737374,0.9667453556399467,0.7492386363636364,0.03325464436005337,0.1,90.0,86.11237373737374,96.67453556399467,74.92386363636363,3.325464436005337,10.0,False,Clean,False,,179,440,False,False
2026-01-20,20260120,2026,1,Jan,4,Evening,Line 4,Extruder 4,Cone,Team B,Cleaning,480,45,435,58,377,1.35,14162,308,13854,0.8666666666666667,0.845212201591512,0.9782516593701455,0.7165862068965518,0.02174834062985454,0.13333333333333333,86.66666666666667,84.5212201591512,97.82516593701455,71.65862068965518,2.1748340629854543,13.333333333333334,False,Clean,False,,176,435,False,False
2026-01-20,20260120,2026,1,Jan,4,Morning,Line 4,Extruder 4,Sandwich,Team C,Breakdown,480,45,435,79,356,1.25,16026,639,15387,0.8183908045977012,0.9378511235955056,0.9601272931486334,0.7369252873563218,0.03987270685136653,0.18160919540229886,81.83908045977012,93.78511235955057,96.01272931486335,73.69252873563218,3.987270685136653,18.160919540229887,False,Clean,False,,172,435,False,False
2026-01-20,20260120,2026,1,Jan,4,Night,Line 4,Extruder 4,Cone,Team D,Breakdown,480,40,440,88,352,1.35,13684,500,13184,0.8,0.8746875000000001,0.9634609763227127,0.6741818181818183,0.03653902367728734,0.2,80.0,87.46875,96.34609763227127,67.41818181818184,3.653902367728734,20.0,False,Clean,False,,180,440,False,False
2026-01-21,20260121,2026,1,Jan,4,Evening,Line 1,Filler 1,Cup,Team B,Material Waiting,480,45,435,33,402,1.05,20918,520,20398,0.9241379310344827,0.9106094527363184,0.9751410268668133,0.8206091954022988,0.02485897313318673,0.07586206896551724,92.41379310344827,91.06094527363184,97.51410268668133,82.06091954022988,2.485897313318673,7.586206896551724,False,Clean,False,,185,435,False,False
2026-01-21,20260121,2026,1,Jan,4,Morning,Line 1,Filler 1,Multipack,Team B,Cleaning,480,45,435,42,393,1.65,13974,69,13905,0.903448275862069,0.9778244274809159,0.9950622584800344,0.8790517241379311,0.00493774151996565,0.09655172413793103,90.3448275862069,97.7824427480916,99.50622584800344,87.90517241379311,0.49377415199656505,9.655172413793103,False,Clean,False,,181,435,False,False
2026-01-21,20260121,2026,1,Jan,4,Night,Line 1,Wrapper 1,Cone,Team B,Breakdown,480,40,440,88,352,1.35,13826,492,13334,0.8,0.8837642045454547,0.964414870533777,0.6818522727272728,0.03558512946622306,0.2,80.0,88.37642045454547,96.4414870533777,68.18522727272727,3.558512946622306,20.0,False,Clean,False,,189,440,False,False
2026-01-21,20260121,2026,1,Jan,4,Evening,Line 2,Case Packer 2,Cup,Team D,Packaging Jam,480,45,435,75,360,1.05,17459,757,16702,0.8275862068965517,0.8487013888888889,0.9566412738415717,0.6719195402298851,0.04335872615842832,0.1724137931034483,82.75862068965517,84.87013888888889,95.66412738415717,67.19195402298851,4.335872615842832,17.24137931034483,False,Clean,False,,186,435,False,False
2026-01-21,20260121,2026,1,Jan,4,Morning,Line 2,Filler 2,Multipack,Team B,Packaging Jam,480,45,435,61,374,1.65,10056,132,9924,0.8597701149425288,0.7394117647058822,0.986873508353222,0.6273793103448274,0.013126491646778043,0.14022988505747128,85.97701149425288,73.94117647058822,98.68735083532219,62.73793103448274,1.3126491646778042,14.022988505747128,False,Clean,False,,182,435,False,False
2026-01-21,20260121,2026,1,Jan,4,Night,Line 2,Case Packer 2,Sandwich,Team B,Minor Stops,480,40,440,9,431,1.25,15511,77,15434,0.9795454545454545,0.7497583139984532,0.9950357810586036,0.7307765151515151,0.004964218941396428,0.020454545454545454,97.95454545454545,74.97583139984532,99.50357810586036,73.07765151515152,0.4964218941396428,2.0454545454545454,False,Clean,False,,190,440,False,False
2026-01-21,20260121,2026,1,Jan,4,Evening,Line 3,Wrapper 3,Sandwich,Team A,Changeover,480,45,435,84,351,1.25,12834,178,12656,0.8068965517241379,0.7617521367521367,0.9861305906186691,0.6061302681992337,0.01386940938133084,0.19310344827586207,80.6896551724138,76.17521367521367,98.61305906186692,60.61302681992336,1.386940938133084,19.310344827586206,False,Clean,False,,187,435,False,False
2026-01-21,20260121,2026,1,Jan,4,Morning,Line 3,Wrapper 3,Sandwich,Team C,Breakdown,480,45,435,51,384,1.25,14156,70,14086,0.8827586206896552,0.7680121527777778,0.9950551003108222,0.6746168582375479,0.004944899689177734,0.11724137931034483,88.27586206896552,76.80121527777779,99.50551003108222,67.46168582375479,0.4944899689177734,11.724137931034482,False,Clean,False,,183,435,False,False
2026-01-21,20260121,2026,1,Jan,4,Night,Line 3,Moulder 3,Ice Cream Bar,Team A,Packaging Jam,480,40,460,79,381,1.15,16817,578,16239,0.8282608695652174,0.8459995625546807,0.965630017244455,0.676625,0.03436998275554498,0.17173913043478262,82.82608695652173,84.59995625546807,96.5630017244455,67.66250000000001,3.4369982755544983,17.17391304347826,False,Warning,True,Shift calendar mismatch,191,440,False,True
2026-01-21,20260121,2026,1,Jan,4,Evening,Line 4,Extruder 4,Sandwich,Team A,Changeover,480,45,435,60,375,1.25,16085,382,15703,0.8620689655172413,0.8936111111111111,0.9762511656823127,0.7520593869731801,0.023748834317687286,0.13793103448275862,86.20689655172413,89.36111111111111,97.62511656823128,75.205938697318,2.3748834317687284,13.793103448275861,False,Clean,False,,188,435,False,False
2026-01-21,20260121,2026,1,Jan,4,Morning,Line 4,Wrapper 4,Cone,Team A,Packaging Jam,480,45,435,48,387,1.35,13743,368,13375,0.8896551724137931,0.7990116279069769,0.9732227315724369,0.6918103448275863,0.026777268427563124,0.1103448275862069,88.96551724137932,79.90116279069768,97.32227315724369,69.18103448275863,2.6777268427563126,11.03448275862069,False,Clean,False,,184,435,False,False
2026-01-21,20260121,2026,1,Jan,4,Night,Line 4,Extruder 4,Cup,Team B,Minor Stops,480,40,440,68,372,1.05,19243,354,18889,0.8454545454545455,0.9052486559139785,0.9816037000467702,0.7512670454545455,0.018396299953229747,0.15454545454545454,84.54545454545455,90.52486559139786,98.16037000467702,75.12670454545454,1.8396299953229747,15.454545454545453,False,Clean,False,,192,440,False,False
2026-01-22,20260122,2026,1,Jan,4,Evening,Line 1,Wrapper 1,Sandwich,Team D,Cleaning,480,45,435,69,366,1.25,14430,533,13897,0.8413793103448276,0.8213797814207651,0.9630630630630631,0.6655651340996169,0.036936936936936934,0.15862068965517243,84.13793103448276,82.1379781420765,96.30630630630631,66.5565134099617,3.6936936936936933,15.862068965517242,False,Clean,False,,197,435,False,False
2026-01-22,20260122,2026,1,Jan,4,Morning,Line 1,Wrapper 1,Cone,Team B,Material Waiting,480,45,435,9,426,1.35,16413,474,15939,0.9793103448275862,0.8668838028169015,0.971120453299214,0.8244310344827587,0.028879546700785963,0.020689655172413793,97.93103448275862,86.68838028169014,97.1120453299214,82.44310344827586,2.8879546700785963,2.0689655172413794,False,Clean,False,,193,435,False,False
2026-01-22,20260122,2026,1,Jan,4,Night,Line 1,Wrapper 1,Cone,Team D,Cleaning,480,40,440,42,398,1.35,15566,141,15425,0.9045454545454545,0.8799874371859298,0.9909417962225363,0.7887784090909092,0.009058203777463704,0.09545454545454546,90.45454545454545,87.99874371859298,99.09417962225363,78.87784090909092,0.9058203777463704,9.545454545454547,False,Clean,False,,201,440,False,False
2026-01-22,20260122,2026,1,Jan,4,Evening,Line 2,Case Packer 2,Cone,Team C,Packaging Jam,480,45,435,64,371,1.35,13077,430,12647,0.8528735632183908,0.7930795148247979,0.9671178404832913,0.6541551724137932,0.032882159516708725,0.1471264367816092,85.28735632183908,79.3079514824798,96.71178404832914,65.41551724137932,3.2882159516708724,14.71264367816092,False,Clean,False,,198,435,False,False
2026-01-22,20260122,2026,1,Jan,4,Morning,Line 2,Freezer 2,Ice Cream Bar,Team B,Changeover,480,45,435,84,351,1.15,17620,228,17392,0.8068965517241379,0.9621557454890788,0.9870601589103292,0.7663141762452107,0.012939841089670829,0.19310344827586207,80.6896551724138,96.21557454890788,98.70601589103292,76.63141762452106,1.293984108967083,19.310344827586206,False,Clean,False,,194,435,False,False
2026-01-22,20260122,2026,1,Jan,4,Night,Line 2,Case Packer 2,Cone,Team C,Changeover,480,40,440,52,388,1.35,14285,71,14214,0.8818181818181818,0.8283827319587629,0.9950297514875743,0.7268522727272727,0.004970248512425621,0.11818181818181818,88.18181818181819,82.83827319587628,99.50297514875743,72.68522727272727,0.4970248512425621,11.818181818181818,False,Clean,False,,202,440,False,False
2026-01-22,20260122,2026,1,Jan,4,Evening,Line 3,Case Packer 3,Ice Cream Bar,Team D,Breakdown,480,45,435,80,355,1.15,15373,453,14920,0.8160919540229885,0.8299976525821595,0.9705327522279321,0.6573946360153256,0.02946724777206791,0.1839080459770115,81.60919540229885,82.99976525821594,97.05327522279322,65.73946360153255,2.946724777206791,18.39080459770115,False,Clean,False,,199,435,False,False
2026-01-22,20260122,2026,1,Jan,4,Morning,Line 3,Wrapper 3,Multipack,Team D,Cleaning,480,45,435,48,387,1.65,11638,58,11580,0.8896551724137931,0.8269896640826874,0.9950163258291803,0.7320689655172414,0.004983674170819729,0.1103448275862069,88.96551724137932,82.69896640826873,99.50163258291803,73.20689655172414,0.49836741708197285,11.03448275862069,False,Clean,False,,195,435,False,False
2026-01-22,20260122,2026,1,Jan,4,Night,Line 3,Case Packer 3,Cone,Team C,Minor Stops,480,40,440,34,406,1.35,13847,185,13662,0.9227272727272727,0.7673830049261084,0.9866397053513396,0.698625,0.01336029464866036,0.07727272727272727,92.27272727272727,76.73830049261085,98.66397053513396,69.86250000000001,1.336029464866036,7.727272727272727,False,Clean,False,,203,440,False,False
2026-01-22,20260122,2026,1,Jan,4,Evening,Line 4,Wrapper 4,Ice Cream Bar,Team A,Packaging Jam,480,45,435,79,356,1.15,15649,615,15034,0.8183908045977012,0.8425257490636704,0.9607003642405265,0.6624176245210728,0.03929963575947345,0.18160919540229886,81.83908045977012,84.25257490636704,96.07003642405265,66.24176245210728,3.929963575947345,18.160919540229887,False,Clean,False,,200,435,False,False
2026-01-22,20260122,2026,1,Jan,4,Morning,Line 4,Extruder 4,Cone,Team B,Material Waiting,480,45,435,53,382,1.35,15011,244,14767,0.8781609195402299,0.8841557591623037,0.9837452534807808,0.7638103448275863,0.016254746519219238,0.12183908045977011,87.816091954023,88.41557591623037,98.37452534807808,76.38103448275862,1.6254746519219236,12.183908045977011,False,Clean,False,,196,435,False,False
2026-01-22,20260122,2026,1,Jan,4,Night,Line 4,Extruder 4,Cone,Team A,Quality Hold,480,40,440,76,364,1.35,13587,407,13180,0.8272727272727273,0.8398557692307692,0.9700448958563332,0.6739772727272727,0.02995510414366674,0.17272727272727273,82.72727272727273,83.98557692307692,97.00448958563332,67.39772727272727,2.995510414366674,17.272727272727273,False,Clean,False,,204,440,False,False
2026-01-23,20260123,2026,1,Jan,4,Evening,Line 1,Wrapper 1,Ice Cream Bar,Team D,Quality Hold,480,45,435,73,362,1.15,16950,981,15969,0.832183908045977,0.8974447513812155,0.9421238938053097,0.7036149425287356,0.05787610619469027,0.167816091954023,83.2183908045977,89.74447513812154,94.21238938053096,70.36149425287356,5.787610619469027,16.7816091954023,False,Clean,False,,209,435,False,False
2026-01-23,20260123,2026,1,Jan,4,Morning,Line 1,Wrapper 1,Sandwich,Team A,Cleaning,480,45,435,36,399,1.25,14662,508,14154,0.9172413793103448,0.7655597326649958,0.9653526121947893,0.6778735632183908,0.03464738780521075,0.08275862068965517,91.72413793103448,76.55597326649958,96.53526121947893,67.78735632183907,3.4647387805210745,8.275862068965518,False,Clean,False,,205,435,False,False
2026-01-23,20260123,2026,1,Jan,4,Night,Line 1,Wrapper 1,Sandwich,Team D,Cleaning,480,40,440,35,405,1.25,18143,90,18053,0.9204545454545454,0.9332818930041152,0.9950394091385107,0.8547821969696969,0.004960590861489279,0.07954545454545454,92.04545454545455,93.32818930041152,99.50394091385107,85.47821969696969,0.4960590861489279,7.954545454545454,False,Clean,False,,213,440,False,False
2026-01-23,20260123,2026,1,Jan,4,Evening,Line 2,Freezer 2,Multipack,Team B,Cleaning,480,45,435,61,374,1.65,11122,140,10982,0.8597701149425288,0.8177941176470588,0.9874123359108075,0.694264367816092,0.012587664089192591,0.14022988505747128,85.97701149425288,81.77941176470588,98.74123359108074,69.4264367816092,1.2587664089192592,14.022988505747128,False,Clean,False,,210,435,False,False
2026-01-23,20260123,2026,1,Jan,4,Morning,Line 2,Case Packer 2,Cone,Team B,Minor Stops,480,45,435,48,387,1.35,15309,109,15200,0.8896551724137931,0.8900581395348838,0.9928800052256842,0.7862068965517243,0.007119994774315762,0.1103448275862069,88.96551724137932,89.00581395348837,99.28800052256842,78.62068965517243,0.7119994774315762,11.03448275862069,False,Clean,False,,206,435,False,False
2026-01-23,20260123,2026,1,Jan,4,Night,Line 2,Freezer 2,Ice Cream Bar,Team B,Minor Stops,480,40,440,73,367,1.15,18375,670,17705,0.8340909090909091,0.9596389645776566,0.9635374149659864,0.7712405303030303,0.0364625850340136,0.16590909090909092,83.4090909090909,95.96389645776566,96.35374149659864,77.12405303030303,3.64625850340136,16.590909090909093,False,Clean,False,,214,440,False,False
2026-01-23,20260123,2026,1,Jan,4,Evening,Line 3,Moulder 3,Multipack,Team D,Packaging Jam,480,45,435,73,362,1.65,11205,246,10959,0.832183908045977,0.8512085635359116,0.978045515394913,0.6928103448275862,0.021954484605087015,0.167816091954023,83.2183908045977,85.12085635359115,97.8045515394913,69.28103448275861,2.1954484605087017,16.7816091954023,False,Clean,False,,211,435,False,False
2026-01-23,20260123,2026,1,Jan,4,Morning,Line 3,Moulder 3,Cup,Team D,Packaging Jam,480,45,435,58,377,1.05,15833,439,15394,0.8666666666666667,0.7349535809018568,0.972273100486326,0.6192988505747126,0.02772689951367397,0.13333333333333333,86.66666666666667,73.49535809018568,97.2273100486326,61.92988505747125,2.772689951367397,13.333333333333334,False,Clean,False,,207,435,False,False
2026-01-23,20260123,2026,1,Jan,4,Night,Line 3,Case Packer 3,Ice Cream Bar,Team B,Quality Hold,480,40,440,23,417,1.15,18668,1015,17653,0.9477272727272728,0.8580415667466026,0.9456288836511678,0.7689753787878787,0.054371116348832224,0.05227272727272727,94.77272727272728,85.80415667466026,94.56288836511678,76.89753787878787,5.437111634883222,5.227272727272727,False,Clean,False,,215,440,False,False
2026-01-23,20260123,2026,1,Jan,4,Evening,Line 4,Cartoner 4,Sandwich,Team A,Breakdown,480,45,435,102,333,1.25,14342,293,14049,0.7655172413793103,0.8972722722722722,0.9795704922604936,0.6728448275862068,0.020429507739506345,0.23448275862068965,76.55172413793103,89.72722722722722,97.95704922604936,67.28448275862068,2.0429507739506345,23.448275862068964,False,Clean,False,,212,435,False,False
2026-01-23,20260123,2026,1,Jan,4,Morning,Line 4,Cartoner 4,Cup,Team A,Breakdown,480,45,435,83,352,1.05,14276,172,14104,0.8091954022988506,0.7097443181818183,0.9879518072289156,0.5674022988505748,0.012048192771084338,0.19080459770114944,80.91954022988506,70.97443181818183,98.79518072289156,56.74022988505748,1.2048192771084338,19.080459770114942,False,Clean,False,,208,435,False,False
2026-01-23,20260123,2026,1,Jan,4,Night,Line 4,Cartoner 4,Cup,Team D,Minor Stops,480,40,440,79,361,1.05,13009,275,12734,0.8204545454545454,0.6306301939058172,0.9788607886847567,0.506465909090909,0.021139211315243295,0.17954545454545454,82.04545454545455,63.06301939058172,97.88607886847566,50.646590909090904,2.1139211315243296,17.954545454545453,False,Clean,False,,216,440,False,False
2026-01-24,20260124,2026,1,Jan,4,Evening,Line 1,Cartoner 1,Cup,Team B,Packaging Jam,480,45,435,28,407,1.05,22347,925,21422,0.9356321839080459,0.9608660933660934,0.9586074193404036,0.8618045977011495,0.04139258065959637,0.06436781609195402,93.5632183908046,96.08660933660934,95.86074193404036,86.18045977011495,4.139258065959637,6.436781609195402,False,Clean,False,,221,435,False,False
2026-01-24,20260124,2026,1,Jan,4,Morning,Line 1,Wrapper 1,Cone,Team A,Cleaning,480,45,435,61,374,1.35,12850,373,12477,0.8597701149425288,0.7730614973262032,0.9709727626459144,0.6453620689655173,0.029027237354085602,0.14022988505747128,85.97701149425288,77.30614973262033,97.09727626459144,64.53620689655173,2.90272373540856,14.022988505747128,False,Clean,False,,217,435,False,False
2026-01-24,20260124,2026,1,Jan,4,Night,Line 1,Wrapper 1,Sandwich,Team C,Minor Stops,480,40,440,20,420,1.25,19145,325,18820,0.9545454545454546,0.9496527777777778,0.9830242883259337,0.8910984848484849,0.016975711674066335,0.045454545454545456,95.45454545454545,94.96527777777779,98.30242883259336,89.10984848484848,1.6975711674066334,4.545454545454546,False,Warning,True,Shift handover note missing,225,440,False,True
2026-01-24,20260124,2026,1,Jan,4,Evening,Line 2,Freezer 2,Cone,Team B,Minor Stops,480,45,435,52,383,1.35,14343,322,14021,0.8804597701149425,0.8426044386422977,0.9775500244021474,0.7252241379310345,0.02244997559785261,0.11954022988505747,88.04597701149424,84.26044386422977,97.75500244021474,72.52241379310345,2.2449975597852614,11.954022988505747,False,Clean,False,,222,435,False,False
2026-01-24,20260124,2026,1,Jan,4,Morning,Line 2,Case Packer 2,Sandwich,Team C,Breakdown,480,45,435,71,364,1.25,12410,587,11823,0.8367816091954023,0.7102793040293041,0.952699435938759,0.5662356321839082,0.04730056406124093,0.1632183908045977,83.67816091954023,71.02793040293041,95.26994359387591,56.623563218390814,4.730056406124093,16.32183908045977,False,Clean,False,,218,435,False,False
2026-01-24,20260124,2026,1,Jan,4,Night,Line 2,Filler 2,Cone,Team B,Packaging Jam,480,40,440,70,370,1.35,17201,743,16458,0.8409090909090909,1.0460067567567568,0.9568048369280856,0.8416022727272728,0.04319516307191442,0.1590909090909091,84.0909090909091,104.60067567567567,95.68048369280856,84.16022727272728,4.319516307191442,15.909090909090908,True,Warning,False,,226,440,False,True
2026-01-24,20260124,2026,1,Jan,4,Evening,Line 3,Moulder 3,Multipack,Team D,Packaging Jam,480,45,435,44,391,1.65,13165,474,12691,0.8988505747126436,0.9259271099744245,0.963995442461071,0.8023045977011494,0.03600455753892898,0.10114942528735632,89.88505747126436,92.59271099744245,96.3995442461071,80.23045977011493,3.6004557538928976,10.114942528735632,False,Clean,False,,223,435,False,False
2026-01-24,20260124,2026,1,Jan,4,Morning,Line 3,Wrapper 3,Cone,Team D,Minor Stops,480,45,435,22,413,1.35,17522,369,17153,0.9494252873563218,0.954588377723971,0.9789407601871932,0.8872241379310345,0.021059239812806756,0.05057471264367816,94.94252873563218,95.4588377723971,97.89407601871932,88.72241379310346,2.1059239812806756,5.057471264367816,False,Clean,False,,219,435,False,False
2026-01-24,20260124,2026,1,Jan,4,Night,Line 3,Case Packer 3,Cup,Team A,Quality Hold,480,40,440,47,393,1.05,18603,1257,17346,0.8931818181818182,0.8283778625954199,0.9324302531849702,0.6898977272727272,0.06756974681502984,0.10681818181818181,89.31818181818181,82.83778625954199,93.24302531849702,68.98977272727272,6.756974681502983,10.681818181818182,False,Clean,False,,227,440,False,False
2026-01-24,20260124,2026,1,Jan,4,Evening,Line 4,Cartoner 4,Ice Cream Bar,Team D,Changeover,480,45,435,54,381,1.15,14494,403,14091,0.8758620689655172,0.7291382327209098,0.9721953911963571,0.620867816091954,0.027804608803642886,0.12413793103448276,87.58620689655172,72.91382327209098,97.21953911963571,62.0867816091954,2.7804608803642887,12.413793103448276,False,Clean,False,,224,435,False,False
2026-01-24,20260124,2026,1,Jan,4,Morning,Line 4,Extruder 4,Ice Cream Bar,Team A,Material Waiting,480,45,435,70,365,1.15,17370,432,16938,0.8390804597701149,0.9121232876712329,0.9751295336787564,0.7463103448275861,0.024870466321243522,0.16091954022988506,83.9080459770115,91.21232876712328,97.51295336787564,74.63103448275861,2.4870466321243523,16.091954022988507,False,Clean,False,,220,435,False,False
2026-01-24,20260124,2026,1,Jan,4,Night,Line 4,Cartoner 4,Ice Cream Bar,Team C,Packaging Jam,480,40,440,102,338,1.15,15670,572,15098,0.7681818181818182,0.8885848126232742,0.9634971282705808,0.6576780303030303,0.036502871729419274,0.2318181818181818,76.81818181818181,88.85848126232742,96.34971282705807,65.76780303030303,3.6502871729419275,23.18181818181818,False,Clean,False,,228,440,False,False
2026-01-25,20260125,2026,1,Jan,4,Evening,Line 1,Wrapper 1,Ice Cream Bar,Team B,Changeover,480,45,435,47,388,1.15,16401,199,16202,0.8919540229885058,0.810186855670103,0.9878665935003963,0.7138812260536397,0.012133406499603682,0.10804597701149425,89.19540229885058,81.0186855670103,98.78665935003963,71.38812260536398,1.2133406499603683,10.804597701149426,False,Warning,True,Counter reconciliation pending,233,435,False,True
2026-01-25,20260125,2026,1,Jan,4,Morning,Line 1,Wrapper 1,Cone,Team B,Quality Hold,480,45,435,44,391,1.35,13156,443,12713,0.8988505747126436,0.7570588235294119,0.9663271511097598,0.6575689655172414,0.03367284889024019,0.10114942528735632,89.88505747126436,75.70588235294119,96.63271511097598,65.75689655172414,3.3672848890240195,10.114942528735632,False,Clean,False,,229,435,False,False
2026-01-25,20260125,2026,1,Jan,4,Night,Line 1,Cartoner 1,Cup,Team B,Minor Stops,480,40,440,60,380,1.05,18126,90,18036,0.8636363636363636,0.83475,0.9950347567030785,0.7173409090909091,0.004965243296921549,0.13636363636363635,86.36363636363636,83.475,99.50347567030785,71.73409090909091,0.49652432969215493,13.636363636363635,False,Clean,False,,237,440,False,False
2026-01-25,20260125,2026,1,Jan,4,Evening,Line 2,Filler 2,Cup,Team D,Packaging Jam,480,45,435,77,358,1.05,15659,285,15374,0.8229885057471265,0.7654539106145252,0.9817996040615621,0.6184942528735633,0.01820039593843796,0.17701149425287357,82.29885057471265,76.54539106145252,98.17996040615621,61.84942528735633,1.820039593843796,17.70114942528736,False,Clean,False,,234,435,False,False
2026-01-25,20260125,2026,1,Jan,4,Morning,Line 2,Case Packer 2,Cup,Team C,Breakdown,480,45,435,82,353,1.05,17325,86,17239,0.8114942528735632,0.8588881019830028,0.995036075036075,0.6935229885057472,0.004963924963924964,0.18850574712643678,81.14942528735632,85.88881019830028,99.50360750360751,69.35229885057473,0.4963924963924964,18.850574712643677,False,Clean,False,,230,435,False,False
2026-01-25,20260125,2026,1,Jan,4,Night,Line 2,Freezer 2,Multipack,Team C,Minor Stops,480,40,440,45,395,1.65,13592,535,13057,0.8977272727272727,0.9462784810126582,0.9606386109476163,0.8160624999999999,0.039361389052383754,0.10227272727272728,89.77272727272727,94.62784810126583,96.06386109476162,81.60624999999999,3.9361389052383755,10.227272727272728,False,Warning,True,Quality rejection code needs approval,238,440,False,True
2026-01-25,20260125,2026,1,Jan,4,Evening,Line 3,Wrapper 3,Cone,Team A,Breakdown,480,45,435,53,382,1.35,15278,76,15202,0.8781609195402299,0.8998821989528797,0.9950255269014269,0.7863103448275862,0.004974473098573112,0.12183908045977011,87.816091954023,89.98821989528797,99.50255269014269,78.63103448275862,0.49744730985731117,12.183908045977011,False,Clean,False,,235,435,False,False
2026-01-25,20260125,2026,1,Jan,4,Morning,Line 3,Wrapper 3,Cone,Team A,Minor Stops,480,45,435,38,397,1.35,17582,534,17048,0.9126436781609195,0.9964609571788413,0.9696280286656808,0.8817931034482758,0.03037197133431919,0.08735632183908046,91.26436781609195,99.64609571788414,96.96280286656808,88.17931034482757,3.037197133431919,8.735632183908045,False,Clean,False,,231,435,False,False
2026-01-25,20260125,2026,1,Jan,4,Night,Line 3,Wrapper 3,Cup,Team B,Cleaning,480,40,440,51,389,1.05,20861,229,20632,0.884090909090909,0.9384768637532134,0.9890225780163943,0.820590909090909,0.01097742198360577,0.1159090909090909,88.4090909090909,93.84768637532133,98.90225780163942,82.0590909090909,1.097742198360577,11.59090909090909,False,Clean,False,,239,440,False,False
2026-01-25,20260125,2026,1,Jan,4,Evening,Line 4,Extruder 4,Cone,Team B,Breakdown,480,45,435,80,355,1.35,14699,73,14626,0.8160919540229885,0.9316267605633803,0.9950336757602558,0.7565172413793104,0.0049663242397442004,0.1839080459770115,81.60919540229885,93.16267605633803,99.50336757602558,75.65172413793104,0.49663242397442003,18.39080459770115,False,Clean,False,,236,435,False,False
2026-01-25,20260125,2026,1,Jan,4,Morning,Line 4,Cartoner 4,Ice Cream Bar,Team D,Packaging Jam,480,45,435,86,349,1.15,14480,514,13966,0.8022988505747126,0.7952244508118433,0.9645027624309392,0.615360153256705,0.03549723756906077,0.19770114942528735,80.22988505747126,79.52244508118433,96.45027624309392,61.536015325670505,3.549723756906077,19.770114942528735,False,Clean,False,,232,435,False,False
2026-01-25,20260125,2026,1,Jan,4,Night,Line 4,Extruder 4,Multipack,Team A,Quality Hold,480,40,440,37,403,1.65,11512,785,10727,0.9159090909090909,0.7855583126550868,0.9318102849200834,0.6704374999999999,0.06818971507991661,0.08409090909090909,91.5909090909091,78.55583126550869,93.18102849200834,67.04374999999999,6.8189715079916615,8.409090909090908,False,Clean,False,,240,440,False,False
2026-01-26,20260126,2026,1,Jan,5,Evening,Line 1,Filler 1,Cone,Team B,Cleaning,480,45,435,42,393,1.35,14714,428,14286,0.903448275862069,0.8424045801526718,0.9709120565447873,0.7389310344827588,0.029087943455212723,0.09655172413793103,90.3448275862069,84.24045801526718,97.09120565447873,73.89310344827588,2.9087943455212724,9.655172413793103,False,Clean,False,,245,435,False,False
2026-01-26,20260126,2026,1,Jan,5,Morning,Line 1,Filler 1,Cone,Team B,Changeover,480,45,435,69,366,1.35,13681,68,13613,0.8413793103448276,0.8410450819672132,0.9950296030991886,0.7041206896551725,0.004970396900811344,0.15862068965517243,84.13793103448276,84.10450819672131,99.50296030991886,70.41206896551725,0.4970396900811344,15.862068965517242,False,Clean,False,,241,435,False,False
2026-01-26,20260126,2026,1,Jan,5,Night,Line 1,Cartoner 1,Ice Cream Bar,Team A,Cleaning,480,40,440,47,393,1.15,18025,791,17234,0.8931818181818182,0.8790818490245971,0.9561165048543689,0.7507234848484848,0.04388349514563107,0.10681818181818181,89.31818181818181,87.90818490245971,95.6116504854369,75.07234848484849,4.3883495145631075,10.681818181818182,False,Clean,False,,249,440,False,False
2026-01-26,20260126,2026,1,Jan,5,Evening,Line 2,Case Packer 2,Multipack,Team A,Changeover,480,45,435,60,375,1.65,12849,64,12785,0.8620689655172413,0.94226,0.9950190676317223,0.8082471264367815,0.004980932368277687,0.13793103448275862,86.20689655172413,94.226,99.50190676317223,80.82471264367815,0.49809323682776874,13.793103448275861,False,Warning,True,Downtime reason manually reclassified,246,435,False,True
2026-01-26,20260126,2026,1,Jan,5,Morning,Line 2,Filler 2,Multipack,Team A,Breakdown,480,45,435,38,397,1.65,11578,208,11370,0.9126436781609195,0.8020025188916877,0.9820348937640352,0.7187931034482758,0.01796510623596476,0.08735632183908046,91.26436781609195,80.20025188916877,98.20348937640352,71.87931034482759,1.796510623596476,8.735632183908045,False,Clean,False,,242,435,False,False
2026-01-26,20260126,2026,1,Jan,5,Night,Line 2,Case Packer 2,Multipack,Team A,Cleaning,480,40,440,31,409,1.65,12418,512,11906,0.9295454545454546,0.8349511002444987,0.9587695281043647,0.744125,0.04123047189563537,0.07045454545454545,92.95454545454545,83.49511002444987,95.87695281043646,74.41250000000001,4.123047189563537,7.045454545454545,False,Clean,False,,250,440,False,False
2026-01-26,20260126,2026,1,Jan,5,Evening,Line 3,Wrapper 3,Sandwich,Team A,Quality Hold,480,45,435,37,398,1.25,16247,496,15751,0.9149425287356322,0.8504501675041876,0.969471287006832,0.7543582375478927,0.03052871299316797,0.08505747126436781,91.49425287356323,85.04501675041875,96.94712870068321,75.43582375478927,3.0528712993167972,8.505747126436782,False,Clean,False,,247,435,False,False
2026-01-26,20260126,2026,1,Jan,5,Morning,Line 3,Moulder 3,Sandwich,Team C,Changeover,480,45,435,65,370,1.25,16423,381,16042,0.8505747126436781,0.9247184684684685,0.9768008281069233,0.7682950191570881,0.023199171893076784,0.14942528735632185,85.0574712643678,92.47184684684684,97.68008281069233,76.8295019157088,2.319917189307678,14.942528735632186,False,Clean,False,,243,435,False,False
2026-01-26,20260126,2026,1,Jan,5,Night,Line 3,Case Packer 3,Ice Cream Bar,Team B,Minor Stops,480,40,440,38,402,1.15,18521,406,18115,0.9136363636363637,0.8830493366500828,0.9780789374223854,0.7891003787878786,0.0219210625776146,0.08636363636363636,91.36363636363637,88.30493366500828,97.80789374223853,78.91003787878786,2.19210625776146,8.636363636363637,False,Clean,False,,251,440,False,False
2026-01-26,20260126,2026,1,Jan,5,Evening,Line 4,Extruder 4,Ice Cream Bar,Team A,Cleaning,480,45,435,39,396,1.15,15437,353,15084,0.9103448275862069,0.7471611952861953,0.9771328626028374,0.6646206896551724,0.02286713739716266,0.0896551724137931,91.0344827586207,74.71611952861953,97.71328626028374,66.46206896551725,2.286713739716266,8.96551724137931,False,Clean,False,,248,435,False,False
2026-01-26,20260126,2026,1,Jan,5,Morning,Line 4,Extruder 4,Multipack,Team C,Packaging Jam,480,45,435,55,380,1.65,10844,188,10656,0.8735632183908046,0.7847631578947368,0.982663223902619,0.6736551724137931,0.01733677609738104,0.12643678160919541,87.35632183908046,78.47631578947369,98.26632239026189,67.36551724137931,1.733677609738104,12.643678160919542,False,Clean,False,,244,435,False,False
2026-01-26,20260126,2026,1,Jan,5,Night,Line 4,Extruder 4,Ice Cream Bar,Team A,Cleaning,480,40,440,108,332,1.15,12434,359,12075,0.7545454545454545,0.7178263052208834,0.971127553482387,0.5259943181818181,0.028872446517612997,0.24545454545454545,75.45454545454545,71.78263052208834,97.1127553482387,52.599431818181806,2.8872446517612995,24.545454545454547,False,Warning,True,Quality rejection code needs approval,252,440,False,True
2026-01-27,20260127,2026,1,Jan,5,Evening,Line 1,Wrapper 1,Cup,Team C,Cleaning,480,45,435,30,405,1.05,18964,763,18201,0.9310344827586207,0.8194320987654321,0.9597658721788652,0.7322241379310345,0.04023412782113478,0.06896551724137931,93.10344827586206,81.94320987654321,95.97658721788652,73.22241379310344,4.023412782113478,6.896551724137931,False,Clean,False,,257,435,False,False
2026-01-27,20260127,2026,1,Jan,5,Morning,Line 1,Cartoner 1,Ice Cream Bar,Team C,Quality Hold,480,45,435,62,373,1.15,17035,1083,15952,0.8574712643678161,0.8753462913315461,0.9364250073378338,0.7028659003831418,0.06357499266216612,0.1425287356321839,85.74712643678161,87.53462913315461,93.64250073378338,70.28659003831417,6.357499266216612,14.25287356321839,False,Clean,False,,253,435,False,False
2026-01-27,20260127,2026,1,Jan,5,Night,Line 1,Cartoner 1,Sandwich,Team B,Packaging Jam,480,40,440,28,412,1.25,18571,545,18026,0.9363636363636364,0.9390675566343042,0.9706531689192828,0.8535037878787879,0.029346831080717246,0.06363636363636363,93.63636363636364,93.90675566343042,97.06531689192828,85.35037878787878,2.9346831080717246,6.363636363636363,False,Clean,False,,261,440,False,False
2026-01-27,20260127,2026,1,Jan,5,Evening,Line 2,Case Packer 2,Cone,Team D,Material Waiting,480,45,435,32,403,1.35,15960,79,15881,0.9264367816091954,0.8910669975186104,0.9950501253132832,0.8214310344827587,0.004949874686716792,0.0735632183908046,92.64367816091954,89.10669975186104,99.50501253132832,82.14310344827587,0.4949874686716792,7.35632183908046,False,Clean,False,,258,435,False,False
2026-01-27,20260127,2026,1,Jan,5,Morning,Line 2,Filler 2,Ice Cream Bar,Team C,Breakdown,480,45,435,81,354,1.15,14081,211,13870,0.8137931034482758,0.7623893596986817,0.9850152688019317,0.6111302681992338,0.01498473119806832,0.18620689655172415,81.37931034482759,76.23893596986817,98.50152688019317,61.11302681992338,1.498473119806832,18.620689655172416,False,Clean,False,,254,435,False,False
2026-01-27,20260127,2026,1,Jan,5,Night,Line 2,Filler 2,Sandwich,Team B,Changeover,480,40,440,43,397,1.25,15568,618,14950,0.9022727272727272,0.81696053736356,0.9603031860226104,0.7078598484848484,0.039696813977389514,0.09772727272727273,90.22727272727272,81.696053736356,96.03031860226105,70.78598484848484,3.9696813977389516,9.772727272727273,False,Warning,True,Counter reconciliation pending,262,440,False,True
2026-01-27,20260127,2026,1,Jan,5,Evening,Line 3,Moulder 3,Sandwich,Team D,Changeover,480,45,435,51,384,1.25,18503,727,17776,0.8827586206896552,1.0038519965277777,0.9607090742041831,0.8513409961685823,0.039290925795816896,0.11724137931034483,88.27586206896552,100.38519965277777,96.07090742041831,85.13409961685822,3.9290925795816896,11.724137931034482,True,Warning,False,,259,435,False,True
2026-01-27,20260127,2026,1,Jan,5,Morning,Line 3,Moulder 3,Ice Cream Bar,Team D,Minor Stops,480,45,435,16,419,1.15,20503,514,19989,0.9632183908045977,0.9378858392999203,0.9749304979759059,0.8807413793103447,0.025069502024094036,0.0367816091954023,96.32183908045977,93.78858392999203,97.49304979759059,88.07413793103447,2.5069502024094037,3.67816091954023,False,Clean,False,,255,435,False,False
2026-01-27,20260127,2026,1,Jan,5,Night,Line 3,Case Packer 3,Sandwich,Team C,Breakdown,480,40,440,54,386,1.25,17228,320,16908,0.8772727272727273,0.9298359240069085,0.9814255862549338,0.8005681818181819,0.01857441374506617,0.12272727272727273,87.72727272727273,92.98359240069085,98.14255862549338,80.05681818181819,1.857441374506617,12.272727272727273,False,Clean,False,,263,440,False,False
2026-01-27,20260127,2026,1,Jan,5,Evening,Line 4,Wrapper 4,Cup,Team B,Minor Stops,480,45,435,64,371,1.05,17047,407,16640,0.8528735632183908,0.8041037735849058,0.9761248313486244,0.669425287356322,0.02387516865137561,0.1471264367816092,85.28735632183908,80.41037735849058,97.61248313486244,66.9425287356322,2.387516865137561,14.71264367816092,False,Clean,False,,260,435,False,False
2026-01-27,20260127,2026,1,Jan,5,Morning,Line 4,Cartoner 4,Sandwich,Team C,Quality Hold,480,45,435,25,410,1.25,17945,575,17370,0.9425287356321839,0.911839430894309,0.9679576483700195,0.8318965517241379,0.032042351629980495,0.05747126436781609,94.25287356321839,91.1839430894309,96.79576483700195,83.1896551724138,3.2042351629980494,5.747126436781609,False,Clean,False,,256,435,False,False
2026-01-27,20260127,2026,1,Jan,5,Night,Line 4,Wrapper 4,Cone,Team D,Packaging Jam,480,40,440,76,364,1.35,12296,367,11929,0.8272727272727273,0.7600549450549452,0.970152895250488,0.6100056818181819,0.029847104749512035,0.17272727272727273,82.72727272727273,76.00549450549453,97.0152895250488,61.000568181818196,2.9847104749512035,17.272727272727273,False,Clean,False,,264,440,False,False
2026-01-28,20260128,2026,1,Jan,5,Evening,Line 1,Cartoner 1,Ice Cream Bar,Team A,Breakdown,480,45,435,53,382,1.15,15640,291,15349,0.8781609195402299,0.7847294938917976,0.9813938618925832,0.6762969348659005,0.01860613810741688,0.12183908045977011,87.816091954023,78.47294938917976,98.13938618925832,67.62969348659004,1.8606138107416879,12.183908045977011,False,Clean,False,,269,435,False,False
2026-01-28,20260128,2026,1,Jan,5,Morning,Line 1,Filler 1,Multipack,Team B,Changeover,480,45,435,51,384,1.65,10748,205,10543,0.8827586206896552,0.7697135416666667,0.9809266840342389,0.6665114942528736,0.019073315965761072,0.11724137931034483,88.27586206896552,76.97135416666667,98.09266840342389,66.65114942528736,1.9073315965761073,11.724137931034482,False,Clean,False,,265,435,False,False
2026-01-28,20260128,2026,1,Jan,5,Night,Line 1,Filler 1,Multipack,Team B,Packaging Jam,480,40,440,44,396,1.65,11627,211,11416,0.9,0.8074305555555555,0.9818525845015911,0.7135,0.018147415498408877,0.1,90.0,80.74305555555556,98.18525845015911,71.35000000000001,1.8147415498408876,10.0,False,Clean,False,,273,440,False,False
2026-01-28,20260128,2026,1,Jan,5,Evening,Line 2,Freezer 2,Multipack,Team D,Packaging Jam,480,45,435,62,373,1.65,10100,189,9911,0.8574712643678161,0.7446380697050938,0.9812871287128713,0.6265574712643678,0.018712871287128712,0.1425287356321839,85.74712643678161,74.46380697050938,98.12871287128712,62.65574712643678,1.8712871287128712,14.25287356321839,False,Clean,False,,270,435,False,False
2026-01-28,20260128,2026,1,Jan,5,Morning,Line 2,Case Packer 2,Multipack,Team C,Cleaning,480,45,435,46,389,1.65,12459,464,11995,0.8942528735632184,0.8807776349614396,0.9627578457340076,0.7583045977011494,0.03724215426599246,0.10574712643678161,89.42528735632183,88.07776349614396,96.27578457340076,75.83045977011494,3.7242154265992458,10.574712643678161,False,Clean,False,,266,435,False,False
2026-01-28,20260128,2026,1,Jan,5,Night,Line 2,Filler 2,Cup,Team C,Packaging Jam,480,40,440,49,391,1.05,19340,210,19130,0.8886363636363637,0.8656010230179028,0.9891416752843847,0.7608522727272726,0.010858324715615306,0.11136363636363636,88.86363636363637,86.56010230179028,98.91416752843847,76.08522727272727,1.0858324715615306,11.136363636363637,False,Clean,False,,274,440,False,False
2026-01-28,20260128,2026,1,Jan,5,Evening,Line 3,Wrapper 3,Ice Cream Bar,Team D,Breakdown,480,45,435,43,392,1.15,17771,361,17410,0.9011494252873563,0.8689051870748299,0.9796860052895167,0.7671072796934866,0.020313994710483372,0.09885057471264368,90.11494252873563,86.89051870748298,97.96860052895167,76.71072796934865,2.031399471048337,9.885057471264368,False,Clean,False,,271,435,False,False
2026-01-28,20260128,2026,1,Jan,5,Morning,Line 3,Case Packer 3,Sandwich,Team C,Changeover,480,45,435,63,372,1.25,15194,195,14999,0.8551724137931035,0.850918458781362,0.9871659865736475,0.7183429118773947,0.012834013426352507,0.14482758620689656,85.51724137931035,85.0918458781362,98.71659865736476,71.83429118773947,1.2834013426352506,14.482758620689657,False,Clean,False,,267,435,False,False
2026-01-28,20260128,2026,1,Jan,5,Night,Line 3,Case Packer 3,Cup,Team B,Breakdown,480,40,440,40,400,1.05,19393,201,19192,0.9090909090909091,0.84844375,0.9896354354664054,0.7633181818181819,0.010364564533594595,0.09090909090909091,90.9090909090909,84.844375,98.96354354664054,76.33181818181819,1.0364564533594596,9.090909090909092,False,Clean,False,,275,440,False,False
2026-01-28,20260128,2026,1,Jan,5,Evening,Line 4,Cartoner 4,Sandwich,Team B,Packaging Jam,480,45,435,61,374,1.25,14610,420,14190,0.8597701149425288,0.8138368983957219,0.971252566735113,0.6795977011494253,0.028747433264887063,0.14022988505747128,85.97701149425288,81.3836898395722,97.1252566735113,67.95977011494253,2.8747433264887063,14.022988505747128,False,Clean,False,,272,435,False,False
2026-01-28,20260128,2026,1,Jan,5,Morning,Line 4,Cartoner 4,Sandwich,Team B,Breakdown,480,45,435,50,385,1.25,17441,143,17298,0.8850574712643678,0.9437770562770563,0.991800928845823,0.828448275862069,0.008199071154176939,0.11494252873563218,88.50574712643679,94.37770562770564,99.18009288458231,82.8448275862069,0.8199071154176939,11.494252873563218,False,Clean,False,,268,435,False,False
2026-01-28,20260128,2026,1,Jan,5,Night,Line 4,Cartoner 4,Cup,Team C,Changeover,480,40,440,63,377,1.05,17748,459,17289,0.8568181818181818,0.8238461538461539,0.9741379310344828,0.6876306818181819,0.02586206896551724,0.1431818181818182,85.68181818181819,82.38461538461539,97.41379310344827,68.76306818181818,2.586206896551724,14.318181818181818,False,Clean,False,,276,440,False,False
2026-01-29,20260129,2026,1,Jan,5,Evening,Line 1,Wrapper 1,Ice Cream Bar,Team C,Changeover,480,45,435,43,392,1.15,16918,441,16477,0.9011494252873563,0.8271981292517006,0.9739330890176143,0.7259980842911876,0.026066910982385626,0.09885057471264368,90.11494252873563,82.71981292517006,97.39330890176143,72.59980842911877,2.6066910982385627,9.885057471264368,False,Clean,False,,281,435,False,False
2026-01-29,20260129,2026,1,Jan,5,Morning,Line 1,Wrapper 1,Cup,Team D,Packaging Jam,480,45,435,58,377,1.05,16205,446,15759,0.8666666666666667,0.7522214854111405,0.9724776303609997,0.6339827586206896,0.02752236963900031,0.13333333333333333,86.66666666666667,75.22214854111405,97.24776303609997,63.398275862068964,2.752236963900031,13.333333333333334,False,Clean,False,,277,435,False,False
2026-01-29,20260129,2026,1,Jan,5,Night,Line 1,Cartoner 1,Cone,Team B,Minor Stops,480,40,440,25,415,1.35,15528,527,15001,0.9431818181818182,0.8418795180722892,0.9660613086038125,0.767096590909091,0.033938691396187534,0.056818181818181816,94.31818181818183,84.18795180722893,96.60613086038124,76.7096590909091,3.3938691396187535,5.681818181818182,False,Clean,False,,285,440,False,False
2026-01-29,20260129,2026,1,Jan,5,Evening,Line 2,Case Packer 2,Cone,Team C,Material Waiting,480,45,435,58,377,1.35,15697,78,15619,0.8666666666666667,0.9368236074270557,0.9950308976237497,0.8078793103448276,0.004969102376250239,0.13333333333333333,86.66666666666667,93.68236074270557,99.50308976237497,80.78793103448277,0.4969102376250239,13.333333333333334,False,Clean,False,,282,435,False,False
2026-01-29,20260129,2026,1,Jan,5,Morning,Line 2,Filler 2,Multipack,Team A,Material Waiting,480,45,435,19,416,1.65,11819,393,11426,0.9563218390804598,0.7813040865384615,0.9667484558761317,0.7223333333333333,0.03325154412386835,0.04367816091954023,95.63218390804597,78.13040865384615,96.67484558761316,72.23333333333332,3.325154412386835,4.3678160919540225,False,Clean,False,,278,435,False,False
2026-01-29,20260129,2026,1,Jan,5,Night,Line 2,Filler 2,Ice Cream Bar,Team C,Material Waiting,480,40,440,67,373,1.15,16873,466,16407,0.8477272727272728,0.867021894548704,0.9723819119303029,0.7146988636363636,0.02761808806969715,0.15227272727272728,84.77272727272728,86.7021894548704,97.23819119303029,71.46988636363636,2.761808806969715,15.227272727272728,False,Clean,False,,286,440,False,False
2026-01-29,20260129,2026,1,Jan,5,Evening,Line 3,Wrapper 3,Cone,Team B,Changeover,480,45,435,45,390,1.35,15827,572,15255,0.896551724137931,0.9130961538461538,0.963859227901687,0.789051724137931,0.03614077209831301,0.10344827586206896,89.65517241379311,91.30961538461538,96.38592279016869,78.9051724137931,3.614077209831301,10.344827586206897,False,Clean,False,,283,435,False,False
2026-01-29,20260129,2026,1,Jan,5,Morning,Line 3,Case Packer 3,Sandwich,Team B,Cleaning,480,45,435,51,384,1.25,17348,88,17260,0.8827586206896552,0.9411892361111112,0.9949273691491815,0.8266283524904214,0.005072630850818538,0.11724137931034483,88.27586206896552,94.11892361111111,99.49273691491814,82.66283524904215,0.5072630850818538,11.724137931034482,False,Warning,True,Shift handover note missing,279,435,False,True
2026-01-29,20260129,2026,1,Jan,5,Night,Line 3,Case Packer 3,Multipack,Team B,Changeover,480,40,440,53,387,1.65,13092,92,13000,0.8795454545454545,0.9303100775193798,0.9929728078215704,0.8124999999999999,0.007027192178429576,0.12045454545454545,87.95454545454545,93.03100775193798,99.29728078215703,81.24999999999999,0.7027192178429575,12.045454545454545,False,Clean,False,,287,440,False,False
2026-01-29,20260129,2026,1,Jan,5,Evening,Line 4,Wrapper 4,Cone,Team A,Quality Hold,480,45,435,76,359,1.35,15281,882,14399,0.825287356321839,0.9577228412256269,0.9422812643151626,0.7447758620689656,0.05771873568483738,0.17471264367816092,82.5287356321839,95.7722841225627,94.22812643151626,74.47758620689656,5.771873568483739,17.47126436781609,False,Clean,False,,284,435,False,False
2026-01-29,20260129,2026,1,Jan,5,Morning,Line 4,Cartoner 4,Cone,Team D,Packaging Jam,480,45,435,68,367,1.35,13600,315,13285,0.8436781609195402,0.8337874659400545,0.9768382352941176,0.6871551724137931,0.023161764705882354,0.15632183908045977,84.36781609195401,83.37874659400545,97.68382352941177,68.7155172413793,2.3161764705882355,15.632183908045977,False,Clean,False,,280,435,False,False
2026-01-29,20260129,2026,1,Jan,5,Night,Line 4,Extruder 4,Ice Cream Bar,Team B,Packaging Jam,480,40,440,56,384,1.15,16613,547,16066,0.8727272727272727,0.8292078993055554,0.9670739782098356,0.6998446969696968,0.03292602179016433,0.12727272727272726,87.27272727272727,82.92078993055554,96.70739782098356,69.98446969696968,3.292602179016433,12.727272727272727,False,Clean,False,,288,440,False,False
2026-01-30,20260130,2026,1,Jan,5,Evening,Line 1,Cartoner 1,Cup,Team B,Changeover,480,45,435,59,376,1.05,20922,408,20514,0.864367816091954,0.9737632978723405,0.980498996271867,0.8252758620689656,0.019501003728133067,0.135632183908046,86.4367816091954,97.37632978723406,98.0498996271867,82.52758620689656,1.9501003728133066,13.563218390804598,False,Warning,True,Counter reconciliation pending,293,435,False,True
2026-01-30,20260130,2026,1,Jan,5,Morning,Line 1,Cartoner 1,Multipack,Team B,Breakdown,480,45,435,59,376,1.65,11001,252,10749,0.864367816091954,0.8045944148936169,0.9770929915462231,0.6795344827586207,0.02290700845377693,0.135632183908046,86.4367816091954,80.4594414893617,97.70929915462231,67.95344827586207,2.290700845377693,13.563218390804598,False,Clean,False,,289,435,False,False
2026-01-30,20260130,2026,1,Jan,5,Night,Line 1,Wrapper 1,Sandwich,Team D,Breakdown,480,40,440,54,386,1.25,15237,460,14777,0.8772727272727273,0.8223769430051814,0.9698103301174772,0.6996685606060608,0.030189669882522807,0.12272727272727273,87.72727272727273,82.23769430051814,96.98103301174771,69.96685606060608,3.0189669882522807,12.272727272727273,False,Clean,False,,297,440,False,False
2026-01-30,20260130,2026,1,Jan,5,Evening,Line 2,Freezer 2,Cup,Team C,Packaging Jam,480,45,435,69,366,1.05,15374,484,14890,0.8413793103448276,0.7350956284153006,0.968518277611552,0.5990229885057472,0.03148172238844803,0.15862068965517243,84.13793103448276,73.50956284153007,96.85182776115519,59.902298850574724,3.148172238844803,15.862068965517242,False,Clean,False,,294,435,False,False
2026-01-30,20260130,2026,1,Jan,5,Morning,Line 2,Filler 2,Ice Cream Bar,Team C,Packaging Jam,480,45,435,76,359,1.15,14482,607,13875,0.825287356321839,0.773180129990715,0.9580858997376053,0.6113505747126436,0.0419141002623947,0.17471264367816092,82.5287356321839,77.3180129990715,95.80858997376053,61.13505747126437,4.19141002623947,17.47126436781609,False,Clean,False,,290,435,False,False
2026-01-30,20260130,2026,1,Jan,5,Night,Line 2,Freezer 2,Ice Cream Bar,Team C,Breakdown,480,40,440,17,423,1.15,21081,105,20976,0.9613636363636363,0.9552068557919621,0.9950192116123524,0.9137272727272726,0.004980788387647645,0.038636363636363635,96.13636363636363,95.52068557919621,99.50192116123524,91.37272727272726,0.4980788387647645,3.8636363636363633,False,Clean,False,,298,440,False,False
2026-01-30,20260130,2026,1,Jan,5,Evening,Line 3,Wrapper 3,Sandwich,Team A,Packaging Jam,480,45,435,24,411,1.25,16545,298,16247,0.9448275862068966,0.8386557177615572,0.9819885161680266,0.7781130268199234,0.018011483831973405,0.05517241379310345,94.48275862068965,83.86557177615572,98.19885161680266,77.81130268199234,1.8011483831973405,5.517241379310345,False,Clean,False,,295,435,False,False
2026-01-30,20260130,2026,1,Jan,5,Morning,Line 3,Moulder 3,Sandwich,Team A,Breakdown,480,45,435,67,368,1.25,14667,408,14259,0.8459770114942529,0.8303328804347826,0.9721824503988545,0.6829022988505746,0.02781754960114543,0.15402298850574714,84.59770114942529,83.03328804347827,97.21824503988546,68.29022988505746,2.781754960114543,15.402298850574713,False,Clean,False,,291,435,False,False
2026-01-30,20260130,2026,1,Jan,5,Night,Line 3,Wrapper 3,Cup,Team A,Packaging Jam,480,40,440,41,399,1.05,21481,107,21374,0.9068181818181819,0.9421491228070175,0.9950188538708626,0.8501022727272727,0.0049811461291373775,0.09318181818181819,90.68181818181819,94.21491228070174,99.50188538708626,85.01022727272726,0.49811461291373776,9.318181818181818,False,Clean,False,,299,440,False,False
2026-01-30,20260130,2026,1,Jan,5,Evening,Line 4,Extruder 4,Cup,Team B,Quality Hold,480,45,435,55,380,1.05,20535,1175,19360,0.8735632183908046,0.9456907894736842,0.9427806184562941,0.7788505747126437,0.057219381543705865,0.12643678160919541,87.35632183908046,94.56907894736842,94.27806184562941,77.88505747126437,5.721938154370586,12.643678160919542,False,Warning,True,Downtime reason manually reclassified,296,435,False,True
2026-01-30,20260130,2026,1,Jan,5,Morning,Line 4,Wrapper 4,Sandwich,Team D,Packaging Jam,480,45,435,54,381,1.25,14170,70,14100,0.8758620689655172,0.774825021872266,0.995059985885674,0.6752873563218391,0.004940014114326041,0.12413793103448276,87.58620689655172,77.4825021872266,99.50599858856741,67.52873563218391,0.4940014114326041,12.413793103448276,False,Clean,False,,292,435,False,False
2026-01-30,20260130,2026,1,Jan,5,Night,Line 4,Wrapper 4,Multipack,Team B,Changeover,480,40,440,58,382,1.65,10815,382,10433,0.8681818181818182,0.7785667539267016,0.9646786870087841,0.6520625,0.0353213129912159,0.1318181818181818,86.81818181818181,77.85667539267016,96.46786870087841,65.20625,3.5321312991215903,13.18181818181818,False,Clean,False,,300,440,False,False
2026-01-31,20260131,2026,1,Jan,5,Evening,Line 1,Cartoner 1,Cup,Team D,Packaging Jam,480,45,435,44,391,1.05,19508,337,19171,0.8988505747126436,0.8731202046035806,0.9827250358827148,0.7712471264367816,0.017274964117285217,0.10114942528735632,89.88505747126436,87.31202046035807,98.27250358827148,77.12471264367817,1.7274964117285216,10.114942528735632,False,Clean,False,,305,435,False,False
2026-01-31,20260131,2026,1,Jan,5,Morning,Line 1,Cartoner 1,Cone,Team B,Minor Stops,480,45,435,60,375,1.35,12533,554,11979,0.8620689655172413,0.7519800000000001,0.9557966967206575,0.6196034482758621,0.044203303279342535,0.13793103448275862,86.20689655172413,75.19800000000001,95.57966967206575,61.96034482758621,4.420330327934254,13.793103448275861,False,Clean,False,,301,435,False,False
2026-01-31,20260131,2026,1,Jan,5,Night,Line 1,Cartoner 1,Cone,Team C,Material Waiting,480,40,440,41,399,1.35,15532,245,15287,0.9068181818181819,0.8758646616541353,0.9842261138295133,0.781721590909091,0.015773886170486737,0.09318181818181819,90.68181818181819,87.58646616541354,98.42261138295133,78.1721590909091,1.5773886170486737,9.318181818181818,False,Clean,False,,309,440,False,False
2026-01-31,20260131,2026,1,Jan,5,Evening,Line 2,Filler 2,Cone,Team C,Packaging Jam,480,45,435,73,362,1.35,14143,338,13805,0.832183908045977,0.879053867403315,0.97610125150251,0.714051724137931,0.023898748497489925,0.167816091954023,83.2183908045977,87.90538674033151,97.61012515025101,71.40517241379311,2.3898748497489923,16.7816091954023,False,Clean,False,,306,435,False,False
2026-01-31,20260131,2026,1,Jan,5,Morning,Line 2,Case Packer 2,Ice Cream Bar,Team C,Changeover,480,45,435,47,388,1.15,15345,401,14944,0.8919540229885058,0.7580219072164949,0.9738677093515803,0.6584521072796935,0.02613229064841968,0.10804597701149425,89.19540229885058,75.80219072164948,97.38677093515803,65.84521072796935,2.6132290648419683,10.804597701149426,False,Clean,False,,302,435,False,False
2026-01-31,20260131,2026,1,Jan,5,Night,Line 2,Filler 2,Multipack,Team D,Quality Hold,480,40,440,64,376,1.65,12011,739,11272,0.8545454545454545,0.8784640957446808,0.9384730663558405,0.7044999999999999,0.06152693364415952,0.14545454545454545,85.45454545454545,87.84640957446808,93.84730663558405,70.44999999999999,6.152693364415953,14.545454545454545,False,Clean,False,,310,440,False,False
2026-01-31,20260131,2026,1,Jan,5,Evening,Line 3,Wrapper 3,Cup,Team C,Changeover,480,45,435,54,381,1.05,21678,193,21485,0.8758620689655172,0.995708661417323,0.9910969646646369,0.8643390804597701,0.008903035335363041,0.12413793103448276,87.58620689655172,99.5708661417323,99.10969646646369,86.43390804597702,0.8903035335363041,12.413793103448276,False,Clean,False,,307,435,False,False
2026-01-31,20260131,2026,1,Jan,5,Morning,Line 3,Wrapper 3,Sandwich,Team A,Breakdown,480,45,435,44,391,1.25,14775,214,14561,0.8988505747126436,0.7872442455242967,0.9855160744500846,0.6973659003831418,0.014483925549915398,0.10114942528735632,89.88505747126436,78.72442455242967,98.55160744500846,69.73659003831418,1.4483925549915397,10.114942528735632,False,Clean,False,,303,435,False,False
2026-01-31,20260131,2026,1,Jan,5,Night,Line 3,Case Packer 3,Cone,Team D,Packaging Jam,480,40,440,50,390,1.35,17976,351,17625,0.8863636363636364,1.0370769230769232,0.9804739652870494,0.9012784090909093,0.019526034712950602,0.11363636363636363,88.63636363636364,103.70769230769233,98.04739652870495,90.12784090909093,1.9526034712950602,11.363636363636363,True,Warning,False,,311,440,False,True
2026-01-31,20260131,2026,1,Jan,5,Evening,Line 4,Extruder 4,Multipack,Team A,Breakdown,480,45,435,97,338,1.65,11050,298,10752,0.7770114942528735,0.8990384615384616,0.9730316742081448,0.6797241379310345,0.026968325791855204,0.22298850574712645,77.70114942528735,89.90384615384616,97.30316742081449,67.97241379310344,2.6968325791855206,22.298850574712645,False,Clean,False,,308,435,False,False
2026-01-31,20260131,2026,1,Jan,5,Morning,Line 4,Cartoner 4,Multipack,Team A,Changeover,480,45,435,39,396,1.65,11630,320,11310,0.9103448275862069,0.8076388888888889,0.9724849527085124,0.7150000000000001,0.027515047291487533,0.0896551724137931,91.0344827586207,80.76388888888889,97.24849527085124,71.50000000000001,2.751504729148753,8.96551724137931,False,Clean,False,,304,435,False,False
2026-01-31,20260131,2026,1,Jan,5,Night,Line 4,Wrapper 4,Sandwich,Team A,Breakdown,480,40,440,49,391,1.25,17826,425,17401,0.8886363636363637,0.9498081841432225,0.976158420284977,0.8239109848484849,0.023841579715023,0.11136363636363636,88.86363636363637,94.98081841432226,97.6158420284977,82.39109848484848,2.3841579715023,11.136363636363637,False,Clean,False,,312,440,False,False
2026-02-01,20260201,2026,2,Feb,5,Evening,Line 1,Filler 1,Cup,Team B,Packaging Jam,480,45,435,69,366,1.05,16323,465,15858,0.8413793103448276,0.7804713114754099,0.9715125895975004,0.6379655172413794,0.028487410402499542,0.15862068965517243,84.13793103448276,78.047131147541,97.15125895975004,63.79655172413794,2.848741040249954,15.862068965517242,False,Clean,False,,317,435,False,False
2026-02-01,20260201,2026,2,Feb,5,Morning,Line 1,Wrapper 1,Sandwich,Team B,Cleaning,480,45,435,70,365,1.25,15990,397,15593,0.8390804597701149,0.9126712328767124,0.9751719824890557,0.7467911877394636,0.02482801751094434,0.16091954022988506,83.9080459770115,91.26712328767124,97.51719824890557,74.67911877394636,2.482801751094434,16.091954022988507,False,Clean,False,,313,435,False,False
2026-02-01,20260201,2026,2,Feb,5,Night,Line 1,Cartoner 1,Multipack,Team B,Changeover,480,40,440,52,388,1.65,12562,267,12295,0.8818181818181818,0.8903479381443299,0.9787454227033912,0.7684375,0.02125457729660882,0.11818181818181818,88.18181818181819,89.03479381443299,97.87454227033912,76.84375,2.1254577296608823,11.818181818181818,False,Clean,False,,321,440,False,False
2026-02-01,20260201,2026,2,Feb,5,Evening,Line 2,Filler 2,Cone,Team C,Cleaning,480,45,435,31,404,1.35,14013,461,13552,0.9287356321839081,0.7804269801980199,0.9671019767358882,0.7009655172413795,0.0328980232641119,0.07126436781609195,92.87356321839081,78.04269801980199,96.71019767358882,70.09655172413794,3.2898023264111895,7.126436781609195,False,Clean,False,,318,435,False,False
2026-02-01,20260201,2026,2,Feb,5,Morning,Line 2,Filler 2,Sandwich,Team D,Material Waiting,480,45,435,47,388,1.25,16883,518,16365,0.8919540229885058,0.9065184707903781,0.9693182491263401,0.783764367816092,0.030681750873659895,0.10804597701149425,89.19540229885058,90.65184707903781,96.93182491263401,78.3764367816092,3.0681750873659897,10.804597701149426,False,Clean,False,,314,435,False,False
2026-02-01,20260201,2026,2,Feb,5,Night,Line 2,Freezer 2,Multipack,Team A,Minor Stops,480,40,440,48,392,1.65,11868,96,11772,0.8909090909090909,0.8325765306122449,0.9919110212335692,0.73575,0.008088978766430738,0.10909090909090909,89.0909090909091,83.25765306122449,99.19110212335693,73.575,0.8088978766430739,10.909090909090908,False,Clean,False,,322,440,False,False
2026-02-01,20260201,2026,2,Feb,5,Evening,Line 3,Case Packer 3,Ice Cream Bar,Team C,Changeover,480,45,435,65,370,1.15,14710,572,14138,0.8505747126436781,0.7620045045045045,0.9611148878314072,0.6229386973180077,0.03888511216859279,0.14942528735632185,85.0574712643678,76.20045045045045,96.11148878314071,62.29386973180077,3.8885112168592793,14.942528735632186,False,Clean,False,,319,435,False,False
2026-02-01,20260201,2026,2,Feb,5,Morning,Line 3,Case Packer 3,Sandwich,Team B,Material Waiting,480,45,435,29,406,1.25,14465,459,14006,0.9333333333333333,0.7422516420361248,0.9682682336674732,0.6707854406130268,0.031731766332526785,0.06666666666666667,93.33333333333333,74.22516420361248,96.82682336674732,67.07854406130268,3.1731766332526785,6.666666666666667,False,Clean,False,,315,435,False,False
2026-02-01,20260201,2026,2,Feb,5,Night,Line 3,Moulder 3,Cone,Team D,Breakdown,480,40,440,47,393,1.35,13224,325,12899,0.8931818181818182,0.7570992366412215,0.9754234724742892,0.6596079545454546,0.02457652752571083,0.10681818181818181,89.31818181818181,75.70992366412214,97.54234724742892,65.96079545454546,2.457652752571083,10.681818181818182,False,Clean,False,,323,440,False,False
2026-02-01,20260201,2026,2,Feb,5,Evening,Line 4,Wrapper 4,Multipack,Team A,Quality Hold,480,45,435,56,379,1.65,9856,421,9435,0.871264367816092,0.7151451187335092,0.9572849025974026,0.5964655172413792,0.0427150974025974,0.12873563218390804,87.1264367816092,71.51451187335091,95.72849025974025,59.64655172413792,4.27150974025974,12.873563218390805,False,Clean,False,,320,435,False,False
2026-02-01,20260201,2026,2,Feb,5,Morning,Line 4,Wrapper 4,Sandwich,Team B,Material Waiting,480,45,435,86,349,1.25,13745,452,13293,0.8022988505747126,0.8204990448901623,0.9671153146598763,0.6366379310344827,0.03288468534012368,0.19770114942528735,80.22988505747126,82.04990448901623,96.71153146598763,63.66379310344827,3.2884685340123685,19.770114942528735,False,Warning,True,Counter reconciliation pending,316,435,False,True
2026-02-01,20260201,2026,2,Feb,5,Night,Line 4,Wrapper 4,Cone,Team B,Breakdown,480,40,440,78,362,1.35,12351,332,12019,0.8227272727272728,0.7676726519337017,0.9731195854586673,0.6146079545454546,0.026880414541332685,0.17727272727272728,82.27272727272728,76.76726519337016,97.31195854586673,61.46079545454546,2.6880414541332684,17.727272727272727,False,Clean,False,,324,440,False,False
2026-02-02,20260202,2026,2,Feb,6,Evening,Line 1,Wrapper 1,Ice Cream Bar,Team B,Changeover,480,45,435,55,380,1.15,16639,428,16211,0.8735632183908046,0.8392478070175438,0.9742773003185288,0.7142777777777777,0.025722699681471242,0.12643678160919541,87.35632183908046,83.92478070175437,97.42773003185287,71.42777777777776,2.572269968147124,12.643678160919542,False,Clean,False,,329,435,False,False
2026-02-02,20260202,2026,2,Feb,6,Morning,Line 1,Cartoner 1,Cone,Team C,Material Waiting,480,45,435,38,397,1.35,14285,437,13848,0.9126436781609195,0.809603274559194,0.9694084704235212,0.7162758620689655,0.030591529576478822,0.08735632183908046,91.26436781609195,80.9603274559194,96.94084704235212,71.62758620689655,3.0591529576478824,8.735632183908045,False,Clean,False,,325,435,False,False
2026-02-02,20260202,2026,2,Feb,6,Night,Line 1,Filler 1,Ice Cream Bar,Team D,Material Waiting,480,40,440,44,396,1.15,17219,989,16230,0.9,0.8334111952861952,0.9425634473546664,0.7069886363636363,0.05743655264533364,0.1,90.0,83.34111952861953,94.25634473546664,70.69886363636363,5.7436552645333645,10.0,False,Clean,False,,333,440,False,False
2026-02-02,20260202,2026,2,Feb,6,Evening,Line 2,Case Packer 2,Sandwich,Team B,Cleaning,480,45,435,62,373,1.25,15460,236,15224,0.8574712643678161,0.8634941912421805,0.9847347994825356,0.7291187739463603,0.015265200517464425,0.1425287356321839,85.74712643678161,86.34941912421806,98.47347994825355,72.91187739463602,1.5265200517464426,14.25287356321839,False,Clean,False,,330,435,False,False
2026-02-02,20260202,2026,2,Feb,6,Morning,Line 2,Freezer 2,Sandwich,Team D,Cleaning,480,45,435,55,380,1.25,16831,596,16235,0.8735632183908046,0.9227521929824561,0.9645891509714217,0.7775383141762452,0.03541084902857822,0.12643678160919541,87.35632183908046,92.27521929824562,96.45891509714217,77.75383141762453,3.541084902857822,12.643678160919542,False,Clean,False,,326,435,False,False
2026-02-02,20260202,2026,2,Feb,6,Night,Line 2,Case Packer 2,Cone,Team B,Breakdown,480,40,440,48,392,1.35,16288,335,15953,0.8909090909090909,0.9348979591836736,0.9794327111984283,0.8157784090909092,0.020567288801571708,0.10909090909090909,89.0909090909091,93.48979591836736,97.94327111984283,81.57784090909091,2.056728880157171,10.909090909090908,False,Clean,False,,334,440,False,False
2026-02-02,20260202,2026,2,Feb,6,Evening,Line 3,Moulder 3,Cup,Team A,Changeover,480,45,435,44,391,1.05,19969,755,19214,0.8988505747126436,0.8937531969309463,0.9621913966648304,0.7729770114942529,0.03780860333516951,0.10114942528735632,89.88505747126436,89.37531969309464,96.21913966648304,77.2977011494253,3.7808603335169515,10.114942528735632,False,Clean,False,,331,435,False,False
2026-02-02,20260202,2026,2,Feb,6,Morning,Line 3,Moulder 3,Cup,Team D,Minor Stops,480,45,435,49,386,1.05,15943,262,15681,0.8873563218390804,0.7228044041450777,0.9835664554977106,0.630844827586207,0.016433544502289406,0.11264367816091954,88.73563218390804,72.28044041450778,98.35664554977106,63.084482758620695,1.6433544502289406,11.264367816091953,False,Warning,True,Shift handover note missing,327,435,False,True
2026-02-02,20260202,2026,2,Feb,6,Night,Line 3,Moulder 3,Cone,Team C,Breakdown,480,40,440,39,401,1.35,15646,503,15143,0.9113636363636364,0.8778927680798005,0.9678512079764796,0.7743579545454546,0.03214879202352039,0.08863636363636364,91.13636363636364,87.78927680798006,96.78512079764796,77.43579545454547,3.214879202352039,8.863636363636363,False,Clean,False,,335,440,False,False
2026-02-02,20260202,2026,2,Feb,6,Evening,Line 4,Cartoner 4,Multipack,Team C,Quality Hold,480,45,435,69,366,1.65,10595,485,10110,0.8413793103448276,0.7960724043715847,0.9542236904200094,0.6391379310344828,0.045776309579990564,0.15862068965517243,84.13793103448276,79.60724043715847,95.42236904200094,63.91379310344828,4.577630957999056,15.862068965517242,False,Clean,False,,332,435,False,False
2026-02-02,20260202,2026,2,Feb,6,Morning,Line 4,Cartoner 4,Multipack,Team D,Packaging Jam,480,45,435,57,378,1.65,10943,301,10642,0.8689655172413793,0.7961177248677249,0.9724938316732158,0.6727701149425288,0.027506168326784246,0.1310344827586207,86.89655172413792,79.6117724867725,97.24938316732158,67.27701149425287,2.750616832678425,13.10344827586207,False,Clean,False,,328,435,False,False
2026-02-02,20260202,2026,2,Feb,6,Night,Line 4,Wrapper 4,Ice Cream Bar,Team D,Packaging Jam,480,40,440,62,378,1.15,16137,220,15917,0.8590909090909091,0.8182341269841269,0.9863667348329925,0.6933541666666667,0.013633265167007498,0.1409090909090909,85.9090909090909,81.8234126984127,98.63667348329925,69.33541666666667,1.3633265167007498,14.09090909090909,False,Clean,False,,336,440,False,False
2026-02-03,20260203,2026,2,Feb,6,Evening,Line 1,Cartoner 1,Cone,Team B,Material Waiting,480,45,435,57,378,1.35,13196,171,13025,0.8689655172413793,0.7854761904761905,0.9870415277356774,0.6737068965517241,0.012958472264322523,0.1310344827586207,86.89655172413792,78.54761904761905,98.70415277356774,67.37068965517241,1.2958472264322523,13.10344827586207,False,Clean,False,,341,435,False,False
2026-02-03,20260203,2026,2,Feb,6,Morning,Line 1,Filler 1,Cup,Team D,Material Waiting,480,45,435,55,380,1.05,20840,1224,19616,0.8735632183908046,0.9597368421052631,0.9412667946257197,0.7891494252873562,0.05873320537428023,0.12643678160919541,87.35632183908046,95.97368421052632,94.12667946257197,78.91494252873562,5.873320537428023,12.643678160919542,False,Clean,False,,337,435,False,False
2026-02-03,20260203,2026,2,Feb,6,Night,Line 1,Wrapper 1,Ice Cream Bar,Team C,Breakdown,480,40,440,52,388,1.15,17250,296,16954,0.8818181818181818,0.8521262886597938,0.9828405797101449,0.7385265151515152,0.017159420289855072,0.11818181818181818,88.18181818181819,85.21262886597938,98.28405797101449,73.85265151515152,1.7159420289855072,11.818181818181818,False,Clean,False,,345,440,False,False
2026-02-03,20260203,2026,2,Feb,6,Evening,Line 2,Freezer 2,Multipack,Team C,Changeover,480,45,435,57,378,1.65,11836,265,11571,0.8689655172413793,0.861084656084656,0.9776106792835417,0.7314999999999998,0.02238932071645826,0.1310344827586207,86.89655172413792,86.10846560846561,97.76106792835418,73.14999999999998,2.2389320716458263,13.10344827586207,False,Clean,False,,342,435,False,False
2026-02-03,20260203,2026,2,Feb,6,Morning,Line 2,Case Packer 2,Multipack,Team C,Changeover,480,45,435,46,389,1.65,10945,234,10711,0.8942528735632184,0.7737467866323907,0.9786203746002741,0.6771321839080459,0.0213796253997259,0.10574712643678161,89.42528735632183,77.37467866323907,97.86203746002741,67.71321839080458,2.13796253997259,10.574712643678161,False,Clean,False,,338,435,False,False
2026-02-03,20260203,2026,2,Feb,6,Night,Line 2,Freezer 2,Cup,Team C,Packaging Jam,480,40,440,67,373,1.05,16976,200,16776,0.8477272727272728,0.7964611260053619,0.9882186616399623,0.6672272727272728,0.0117813383600377,0.15227272727272728,84.77272727272728,79.64611260053618,98.82186616399623,66.72272727272728,1.17813383600377,15.227272727272728,False,Warning,True,Downtime reason manually reclassified,346,440,False,True
2026-02-03,20260203,2026,2,Feb,6,Evening,Line 3,Case Packer 3,Cup,Team D,Cleaning,480,45,435,56,379,1.05,20497,440,20057,0.871264367816092,0.9464313984168866,0.9785334439186223,0.8068908045977012,0.021466556081377763,0.12873563218390804,87.1264367816092,94.64313984168867,97.85334439186222,80.68908045977012,2.1466556081377766,12.873563218390805,False,Clean,False,,343,435,False,False
2026-02-03,20260203,2026,2,Feb,6,Morning,Line 3,Case Packer 3,Sandwich,Team B,Packaging Jam,480,45,435,67,368,1.25,16043,329,15714,0.8459770114942529,0.9082314311594203,0.9794926136009474,0.7525862068965518,0.020507386399052547,0.15402298850574714,84.59770114942529,90.82314311594203,97.94926136009474,75.25862068965517,2.0507386399052545,15.402298850574713,False,Clean,False,,339,435,False,False
2026-02-03,20260203,2026,2,Feb,6,Night,Line 3,Moulder 3,Multipack,Team C,Quality Hold,480,40,440,53,387,1.65,12648,468,12180,0.8795454545454545,0.8987596899224805,0.9629981024667932,0.7612499999999999,0.03700189753320683,0.12045454545454545,87.95454545454545,89.87596899224805,96.29981024667931,76.12499999999999,3.700189753320683,12.045454545454545,False,Clean,False,,347,440,False,False
2026-02-03,20260203,2026,2,Feb,6,Evening,Line 4,Cartoner 4,Sandwich,Team A,Breakdown,480,45,435,65,370,1.25,16396,602,15794,0.8505747126436781,0.9231981981981981,0.9632837277384728,0.7564176245210728,0.036716272261527204,0.14942528735632185,85.0574712643678,92.31981981981981,96.32837277384728,75.64176245210727,3.6716272261527205,14.942528735632186,False,Clean,False,,344,435,False,False
2026-02-03,20260203,2026,2,Feb,6,Morning,Line 4,Wrapper 4,Cup,Team D,Breakdown,480,45,435,55,380,1.05,15650,394,15256,0.8735632183908046,0.7207236842105263,0.9748242811501597,0.6137471264367816,0.025175718849840257,0.12643678160919541,87.35632183908046,72.07236842105263,97.48242811501598,61.374712643678166,2.517571884984026,12.643678160919542,False,Clean,False,,340,435,False,False
2026-02-03,20260203,2026,2,Feb,6,Night,Line 4,Extruder 4,Multipack,Team A,Breakdown,480,40,440,71,369,1.65,11442,162,11280,0.8386363636363636,0.8527235772357723,0.9858416360776088,0.7049999999999998,0.01415836392239119,0.16136363636363638,83.86363636363636,85.27235772357723,98.58416360776087,70.49999999999999,1.415836392239119,16.136363636363637,False,Clean,False,,348,440,False,False
2026-02-04,20260204,2026,2,Feb,6,Evening,Line 1,Filler 1,Ice Cream Bar,Team D,Material Waiting,480,45,435,38,397,1.15,18503,220,18283,0.9126436781609195,0.8933018471872375,0.9881100362103443,0.8055727969348658,0.011889963789655731,0.08735632183908046,91.26436781609195,89.33018471872374,98.81100362103443,80.55727969348658,1.188996378965573,8.735632183908045,False,Clean,False,,353,435,False,False
2026-02-04,20260204,2026,2,Feb,6,Morning,Line 1,Cartoner 1,Ice Cream Bar,Team C,Packaging Jam,480,45,435,31,404,1.15,19716,609,19107,0.9287356321839081,0.9353712871287128,0.9691113816189897,0.8418793103448275,0.030888618381010348,0.07126436781609195,92.87356321839081,93.53712871287128,96.91113816189898,84.18793103448276,3.088861838101035,7.126436781609195,False,Warning,True,Downtime reason manually reclassified,349,435,False,True
2026-02-04,20260204,2026,2,Feb,6,Night,Line 1,Filler 1,Sandwich,Team B,Packaging Jam,480,40,440,68,372,1.25,19030,304,18726,0.8454545454545455,1.0657482078853047,0.9840252233315817,0.8866477272727272,0.015974776668418286,0.15454545454545454,84.54545454545455,106.57482078853047,98.40252233315817,88.66477272727272,1.5974776668418285,15.454545454545453,True,Warning,False,,357,440,False,True
2026-02-04,20260204,2026,2,Feb,6,Evening,Line 2,Filler 2,Multipack,Team B,Changeover,480,45,435,10,425,1.65,11710,557,11153,0.9770114942528736,0.7577058823529412,0.9524338172502135,0.7050747126436783,0.04756618274978651,0.022988505747126436,97.70114942528735,75.77058823529413,95.24338172502135,70.50747126436782,4.756618274978651,2.2988505747126435,False,Clean,False,,354,435,False,False
2026-02-04,20260204,2026,2,Feb,6,Morning,Line 2,Filler 2,Multipack,Team A,Breakdown,480,45,435,82,353,1.65,9974,239,9735,0.8114942528735632,0.7770113314447591,0.9760376980148385,0.6154310344827585,0.02396230198516142,0.18850574712643678,81.14942528735632,77.7011331444759,97.60376980148385,61.54310344827585,2.396230198516142,18.850574712643677,False,Clean,False,,350,435,False,False
2026-02-04,20260204,2026,2,Feb,6,Night,Line 2,Case Packer 2,Ice Cream Bar,Team A,Quality Hold,480,40,440,11,429,1.15,18470,1005,17465,0.975,0.8251942501942502,0.9455874390904169,0.7607859848484848,0.05441256090958311,0.025,97.5,82.51942501942501,94.55874390904168,76.07859848484848,5.441256090958311,2.5,False,Clean,False,,358,440,False,False
2026-02-04,20260204,2026,2,Feb,6,Evening,Line 3,Case Packer 3,Cup,Team C,Cleaning,480,45,435,64,371,1.05,18701,570,18131,0.8528735632183908,0.882122641509434,0.9695203465055344,0.7294080459770115,0.030479653494465537,0.1471264367816092,85.28735632183908,88.2122641509434,96.95203465055344,72.94080459770115,3.0479653494465535,14.71264367816092,False,Clean,False,,355,435,False,False
2026-02-04,20260204,2026,2,Feb,6,Morning,Line 3,Case Packer 3,Cup,Team B,Changeover,480,45,435,58,377,1.05,18951,720,18231,0.8666666666666667,0.8796883289124668,0.9620072819376286,0.7334310344827587,0.03799271806237138,0.13333333333333333,86.66666666666667,87.96883289124668,96.20072819376287,73.34310344827587,3.799271806237138,13.333333333333334,False,Clean,False,,351,435,False,False
2026-02-04,20260204,2026,2,Feb,6,Night,Line 3,Wrapper 3,Sandwich,Team B,Material Waiting,480,40,440,71,369,1.25,15602,544,15058,0.8386363636363636,0.8808717253839206,0.9651326752980387,0.7129734848484849,0.034867324701961286,0.16136363636363638,83.86363636363636,88.08717253839205,96.51326752980387,71.29734848484848,3.4867324701961286,16.136363636363637,False,Warning,True,Counter reconciliation pending,359,440,False,True
2026-02-04,20260204,2026,2,Feb,6,Evening,Line 4,Cartoner 4,Cone,Team C,Cleaning,480,45,435,77,358,1.35,11671,354,11317,0.8229885057471265,0.7335125698324022,0.9696684088767029,0.5853620689655172,0.03033159112329706,0.17701149425287357,82.29885057471265,73.35125698324022,96.96684088767029,58.536206896551725,3.0331591123297064,17.70114942528736,False,Warning,True,Shift handover note missing,356,435,False,True
2026-02-04,20260204,2026,2,Feb,6,Morning,Line 4,Cartoner 4,Multipack,Team B,Breakdown,480,45,435,74,361,1.65,11084,340,10744,0.8298850574712644,0.844349030470914,0.9693251533742331,0.6792183908045977,0.03067484662576687,0.17011494252873563,82.98850574712644,84.43490304709141,96.93251533742331,67.92183908045976,3.067484662576687,17.011494252873565,False,Clean,False,,352,435,False,False
2026-02-04,20260204,2026,2,Feb,6,Night,Line 4,Cartoner 4,Ice Cream Bar,Team B,Packaging Jam,480,40,440,79,361,1.15,15763,470,15293,0.8204545454545454,0.8369090489381347,0.9701833407346317,0.6661723484848483,0.029816659265368268,0.17954545454545454,82.04545454545455,83.69090489381347,97.01833407346318,66.61723484848483,2.981665926536827,17.954545454545453,False,Clean,False,,360,440,False,False
2026-02-05,20260205,2026,2,Feb,6,Evening,Line 1,Cartoner 1,Sandwich,Team B,Changeover,480,45,435,72,363,1.25,16029,526,15503,0.8344827586206897,0.9199380165289256,0.9671844781333833,0.7424808429118774,0.03281552186661676,0.16551724137931034,83.44827586206897,91.99380165289256,96.71844781333833,74.24808429118774,3.281552186661676,16.551724137931036,False,Clean,False,,365,435,False,False
2026-02-05,20260205,2026,2,Feb,6,Morning,Line 1,Filler 1,Cup,Team B,Changeover,480,45,435,66,369,1.05,18153,90,18063,0.8482758620689655,0.8609146341463415,0.9950421417947447,0.7266724137931035,0.00495785820525533,0.15172413793103448,84.82758620689656,86.09146341463415,99.50421417947447,72.66724137931035,0.495785820525533,15.172413793103448,False,Clean,False,,361,435,False,False
2026-02-05,20260205,2026,2,Feb,6,Night,Line 1,Cartoner 1,Ice Cream Bar,Team D,Breakdown,480,40,440,46,394,1.15,13667,424,13243,0.8954545454545455,0.6648498307952623,0.9689763664300871,0.5768731060606062,0.031023633569912928,0.10454545454545454,89.54545454545455,66.48498307952623,96.89763664300871,57.68731060606061,3.102363356991293,10.454545454545453,False,Clean,False,,369,440,False,False
2026-02-05,20260205,2026,2,Feb,6,Evening,Line 2,Case Packer 2,Multipack,Team D,Minor Stops,480,45,435,33,402,1.65,10014,268,9746,0.9241379310344827,0.6850373134328358,0.9732374675454364,0.6161264367816092,0.02676253245456361,0.07586206896551724,92.41379310344827,68.50373134328358,97.32374675454363,61.612643678160914,2.676253245456361,7.586206896551724,False,Clean,False,,366,435,False,False
2026-02-05,20260205,2026,2,Feb,6,Morning,Line 2,Case Packer 2,Sandwich,Team B,Packaging Jam,480,45,435,68,367,1.25,16558,234,16324,0.8436781609195402,0.9399409627611263,0.9858678584370093,0.7818007662835249,0.0141321415629907,0.15632183908045977,84.36781609195401,93.99409627611263,98.58678584370094,78.1800766283525,1.41321415629907,15.632183908045977,False,Clean,False,,362,435,False,False
2026-02-05,20260205,2026,2,Feb,6,Night,Line 2,Freezer 2,Sandwich,Team D,Packaging Jam,480,40,440,61,379,1.25,16795,110,16685,0.8613636363636363,0.9232080035180299,0.993450431676094,0.7900094696969696,0.006549568323905924,0.13863636363636364,86.13636363636363,92.32080035180299,99.3450431676094,79.00094696969695,0.6549568323905924,13.863636363636363,False,Clean,False,,370,440,False,False
2026-02-05,20260205,2026,2,Feb,6,Evening,Line 3,Wrapper 3,Cone,Team D,Packaging Jam,480,45,435,43,392,1.35,14492,445,14047,0.9011494252873563,0.8318112244897959,0.9692934032569693,0.7265689655172414,0.030706596743030636,0.09885057471264368,90.11494252873563,83.1811224489796,96.92934032569693,72.65689655172413,3.0706596743030636,9.885057471264368,False,Clean,False,,367,435,False,False
2026-02-05,20260205,2026,2,Feb,6,Morning,Line 3,Wrapper 3,Ice Cream Bar,Team A,Breakdown,480,45,435,58,377,1.15,21270,744,20526,0.8666666666666667,1.081366047745358,0.9650211565585332,0.9044022988505747,0.03497884344146685,0.13333333333333333,86.66666666666667,108.1366047745358,96.50211565585332,90.44022988505746,3.4978843441466854,13.333333333333334,True,Warning,False,,363,435,False,True
2026-02-05,20260205,2026,2,Feb,6,Night,Line 3,Moulder 3,Multipack,Team D,Material Waiting,480,40,440,61,379,1.65,13090,320,12770,0.8613636363636363,0.949802110817942,0.975553857906799,0.798125,0.024446142093200916,0.13863636363636364,86.13636363636363,94.9802110817942,97.5553857906799,79.8125,2.4446142093200915,13.863636363636363,False,Clean,False,,371,440,False,False
2026-02-05,20260205,2026,2,Feb,6,Evening,Line 4,Extruder 4,Cone,Team A,Changeover,480,45,435,61,374,1.35,13120,452,12668,0.8597701149425288,0.7893048128342246,0.9655487804878049,0.6552413793103449,0.034451219512195125,0.14022988505747128,85.97701149425288,78.93048128342247,96.5548780487805,65.52413793103449,3.4451219512195124,14.022988505747128,False,Clean,False,,368,435,False,False
2026-02-05,20260205,2026,2,Feb,6,Morning,Line 4,Extruder 4,Ice Cream Bar,Team A,Material Waiting,480,45,435,62,373,1.15,13537,307,13230,0.8574712643678161,0.6956009830205541,0.9773214153800694,0.5829310344827585,0.02267858461993056,0.1425287356321839,85.74712643678161,69.56009830205541,97.73214153800694,58.29310344827585,2.267858461993056,14.25287356321839,False,Clean,False,,364,435,False,False
2026-02-05,20260205,2026,2,Feb,6,Night,Line 4,Extruder 4,Cup,Team B,Changeover,480,40,440,72,368,1.05,16591,183,16408,0.8363636363636363,0.7889741847826086,0.9889699234524743,0.652590909090909,0.011030076547525768,0.16363636363636364,83.63636363636363,78.89741847826086,98.89699234524743,65.2590909090909,1.1030076547525767,16.363636363636363,False,Warning,True,Counter reconciliation pending,372,440,False,True
2026-02-06,20260206,2026,2,Feb,6,Evening,Line 1,Wrapper 1,Cone,Team B,Breakdown,480,45,435,53,382,1.35,16140,811,15329,0.8781609195402299,0.9506544502617801,0.9497521685254027,0.7928793103448275,0.05024783147459727,0.12183908045977011,87.816091954023,95.06544502617801,94.97521685254027,79.28793103448275,5.024783147459727,12.183908045977011,False,Clean,False,,377,435,False,False
2026-02-06,20260206,2026,2,Feb,6,Morning,Line 1,Wrapper 1,Sandwich,Team D,Material Waiting,480,45,435,38,397,1.25,17882,507,17375,0.9126436781609195,0.938392107472712,0.971647466726317,0.8321360153256704,0.028352533273683034,0.08735632183908046,91.26436781609195,93.8392107472712,97.1647466726317,83.21360153256704,2.8352533273683034,8.735632183908045,False,Clean,False,,373,435,False,False
2026-02-06,20260206,2026,2,Feb,6,Night,Line 1,Wrapper 1,Ice Cream Bar,Team C,Minor Stops,480,40,440,53,387,1.15,16500,332,16168,0.8795454545454545,0.8171834625322998,0.9798787878787879,0.7042878787878788,0.02012121212121212,0.12045454545454545,87.95454545454545,81.71834625322998,97.98787878787878,70.42878787878789,2.0121212121212118,12.045454545454545,False,Clean,False,,381,440,False,False
2026-02-06,20260206,2026,2,Feb,6,Evening,Line 2,Case Packer 2,Cup,Team A,Breakdown,480,45,435,80,355,1.05,15793,414,15379,0.8160919540229885,0.7785281690140846,0.9737858544924967,0.6186954022988507,0.026214145507503325,0.1839080459770115,81.60919540229885,77.85281690140846,97.37858544924967,61.86954022988507,2.6214145507503326,18.39080459770115,False,Clean,False,,378,435,False,False
2026-02-06,20260206,2026,2,Feb,6,Morning,Line 2,Case Packer 2,Multipack,Team C,Packaging Jam,480,45,435,39,396,1.65,12718,263,12455,0.9103448275862069,0.8831944444444443,0.9793206479006134,0.7873850574712643,0.020679352099386695,0.0896551724137931,91.0344827586207,88.31944444444443,97.93206479006133,78.73850574712642,2.0679352099386694,8.96551724137931,False,Clean,False,,374,435,False,False
2026-02-06,20260206,2026,2,Feb,6,Night,Line 2,Case Packer 2,Multipack,Team B,Material Waiting,480,40,440,59,381,1.65,13018,231,12787,0.865909090909091,0.9396194225721783,0.9822553387617146,0.7991874999999999,0.017744661238285452,0.1340909090909091,86.5909090909091,93.96194225721783,98.22553387617145,79.91874999999999,1.7744661238285453,13.40909090909091,False,Clean,False,,382,440,False,False
2026-02-06,20260206,2026,2,Feb,6,Evening,Line 3,Case Packer 3,Sandwich,Team D,Breakdown,480,45,435,30,405,1.25,15189,430,14759,0.9310344827586207,0.7813271604938271,0.9716900388439002,0.7068486590038313,0.028309961156099808,0.06896551724137931,93.10344827586206,78.13271604938271,97.16900388439001,70.68486590038313,2.830996115609981,6.896551724137931,False,Warning,True,Quality rejection code needs approval,379,435,False,True
2026-02-06,20260206,2026,2,Feb,6,Morning,Line 3,Case Packer 3,Cup,Team B,Breakdown,480,45,435,82,353,1.05,14599,112,14487,0.8114942528735632,0.7237464589235127,0.9923282416603877,0.5828103448275862,0.0076717583396123026,0.18850574712643678,81.14942528735632,72.37464589235128,99.23282416603877,58.28103448275862,0.7671758339612302,18.850574712643677,False,Clean,False,,375,435,False,False
2026-02-06,20260206,2026,2,Feb,6,Night,Line 3,Case Packer 3,Ice Cream Bar,Team A,Quality Hold,480,40,440,46,394,1.15,15723,653,15070,0.8954545454545455,0.7648667512690354,0.9584684856579533,0.6564583333333331,0.04153151434204668,0.10454545454545454,89.54545454545455,76.48667512690353,95.84684856579533,65.64583333333331,4.153151434204668,10.454545454545453,False,Clean,False,,383,440,False,False
2026-02-06,20260206,2026,2,Feb,6,Evening,Line 4,Cartoner 4,Sandwich,Team A,Material Waiting,480,45,435,50,385,1.25,16986,591,16395,0.8850574712643678,0.9191558441558442,0.9652066407629812,0.7852011494252874,0.03479335923701872,0.11494252873563218,88.50574712643679,91.91558441558442,96.52066407629812,78.52011494252874,3.479335923701872,11.494252873563218,False,Clean,False,,380,435,False,False
2026-02-06,20260206,2026,2,Feb,6,Morning,Line 4,Cartoner 4,Cup,Team C,Changeover,480,45,435,77,358,1.05,13784,68,13716,0.8229885057471265,0.6737988826815643,0.9950667440510738,0.5517931034482759,0.004933255948926291,0.17701149425287357,82.29885057471265,67.37988826815644,99.50667440510738,55.17931034482759,0.4933255948926291,17.70114942528736,False,Clean,False,,376,435,False,False
2026-02-06,20260206,2026,2,Feb,6,Night,Line 4,Extruder 4,Cone,Team D,Material Waiting,480,40,440,76,364,1.35,13933,271,13662,0.8272727272727273,0.861243131868132,0.9805497739180363,0.698625,0.019450226081963683,0.17272727272727273,82.72727272727273,86.1243131868132,98.05497739180363,69.86250000000001,1.9450226081963684,17.272727272727273,False,Clean,False,,384,440,False,False
2026-02-07,20260207,2026,2,Feb,6,Evening,Line 1,Cartoner 1,Cup,Team C,Breakdown,480,45,435,55,380,1.05,20426,629,19797,0.8735632183908046,0.9406710526315789,0.9692059140311368,0.7964310344827586,0.030794085968863214,0.12643678160919541,87.35632183908046,94.06710526315788,96.92059140311368,79.64310344827587,3.0794085968863216,12.643678160919542,False,Clean,False,,389,435,False,False
2026-02-07,20260207,2026,2,Feb,6,Morning,Line 1,Filler 1,Sandwich,Team D,Quality Hold,480,45,435,44,391,1.25,13090,687,12403,0.8988505747126436,0.697463768115942,0.9475171886936593,0.5940134099616857,0.05248281130634072,0.10114942528735632,89.88505747126436,69.7463768115942,94.75171886936593,59.40134099616857,5.248281130634072,10.114942528735632,False,Clean,False,,385,435,False,False
2026-02-07,20260207,2026,2,Feb,6,Night,Line 1,Filler 1,Multipack,Team A,Breakdown,480,40,440,46,394,1.65,13562,250,13312,0.8954545454545455,0.9465862944162436,0.9815661406872143,0.8320000000000001,0.018433859312785725,0.10454545454545454,89.54545454545455,94.65862944162437,98.15661406872142,83.2,1.8433859312785725,10.454545454545453,False,Clean,False,,393,440,False,False
2026-02-07,20260207,2026,2,Feb,6,Evening,Line 2,Filler 2,Multipack,Team C,Material Waiting,480,45,435,72,363,1.65,11027,196,10831,0.8344827586206897,0.8353787878787878,0.9822254466309966,0.6847183908045976,0.017774553369003354,0.16551724137931034,83.44827586206897,83.53787878787878,98.22254466309967,68.47183908045976,1.7774553369003354,16.551724137931036,False,Clean,False,,390,435,False,False
2026-02-07,20260207,2026,2,Feb,6,Morning,Line 2,Filler 2,Cup,Team C,Minor Stops,480,45,435,37,398,1.05,19954,490,19464,0.9149425287356322,0.8773743718592966,0.9754435200962213,0.7830344827586208,0.02455647990377869,0.08505747126436781,91.49425287356323,87.73743718592965,97.54435200962213,78.30344827586208,2.455647990377869,8.505747126436782,False,Warning,True,Quality rejection code needs approval,386,435,False,True
2026-02-07,20260207,2026,2,Feb,6,Night,Line 2,Case Packer 2,Cup,Team D,Minor Stops,480,40,440,49,391,1.05,21083,308,20775,0.8886363636363637,0.9436125319693095,0.9853910733766542,0.8262784090909092,0.014608926623345824,0.11136363636363636,88.86363636363637,94.36125319693095,98.53910733766543,82.62784090909092,1.4608926623345824,11.136363636363637,False,Clean,False,,394,440,False,False
2026-02-07,20260207,2026,2,Feb,6,Evening,Line 3,Wrapper 3,Cup,Team B,Minor Stops,480,45,435,46,389,1.05,18073,454,17619,0.8942528735632184,0.8130526992287919,0.9748796547335805,0.7088103448275862,0.02512034526641952,0.10574712643678161,89.42528735632183,81.30526992287919,97.48796547335805,70.88103448275862,2.512034526641952,10.574712643678161,False,Clean,False,,391,435,False,False
2026-02-07,20260207,2026,2,Feb,6,Morning,Line 3,Wrapper 3,Cone,Team C,Cleaning,480,45,435,69,366,1.35,13986,486,13500,0.8413793103448276,0.8597950819672132,0.9652509652509652,0.6982758620689655,0.03474903474903475,0.15862068965517243,84.13793103448276,85.97950819672133,96.52509652509652,69.82758620689656,3.474903474903475,15.862068965517242,False,Clean,False,,387,435,False,False
2026-02-07,20260207,2026,2,Feb,6,Night,Line 3,Wrapper 3,Cone,Team C,Minor Stops,480,40,440,52,388,1.35,15392,325,15067,0.8818181818181818,0.8925773195876289,0.9788851351351351,0.7704715909090909,0.021114864864864864,0.11818181818181818,88.18181818181819,89.25773195876289,97.88851351351352,77.04715909090909,2.1114864864864864,11.818181818181818,False,Clean,False,,395,440,False,False
2026-02-07,20260207,2026,2,Feb,6,Evening,Line 4,Extruder 4,Cup,Team C,Packaging Jam,480,45,435,102,333,1.05,16039,80,15959,0.7655172413793103,0.8428903903903904,0.9950121578652036,0.6420287356321839,0.004987842134796434,0.23448275862068965,76.55172413793103,84.28903903903904,99.50121578652036,64.20287356321839,0.49878421347964336,23.448275862068964,False,Clean,False,,392,435,False,False
2026-02-07,20260207,2026,2,Feb,6,Morning,Line 4,Cartoner 4,Cone,Team B,Material Waiting,480,45,435,101,334,1.35,12621,63,12558,0.767816091954023,0.8502170658682636,0.9950083194675541,0.6495517241379312,0.004991680532445923,0.23218390804597702,76.7816091954023,85.02170658682637,99.50083194675541,64.95517241379312,0.49916805324459235,23.218390804597703,False,Clean,False,,388,435,False,False
2026-02-07,20260207,2026,2,Feb,6,Night,Line 4,Wrapper 4,Multipack,Team A,Breakdown,480,40,440,104,336,1.65,8811,273,8538,0.7636363636363637,0.7211383928571429,0.9690160027238679,0.533625,0.030983997276132106,0.23636363636363636,76.36363636363637,72.11383928571429,96.90160027238679,53.362500000000004,3.0983997276132107,23.636363636363637,False,Clean,False,,396,440,False,False
2026-02-08,20260208,2026,2,Feb,6,Evening,Line 1,Wrapper 1,Cone,Team D,Changeover,480,45,435,69,366,1.35,12699,464,12235,0.8413793103448276,0.7806762295081968,0.9634616898968422,0.632844827586207,0.03653831010315773,0.15862068965517243,84.13793103448276,78.06762295081968,96.34616898968422,63.2844827586207,3.653831010315773,15.862068965517242,False,Clean,False,,401,435,False,False
2026-02-08,20260208,2026,2,Feb,6,Morning,Line 1,Cartoner 1,Cone,Team B,Quality Hold,480,45,435,10,425,1.35,16832,764,16068,0.9770114942528736,0.8911058823529412,0.9546102661596958,0.8311034482758621,0.04538973384030418,0.022988505747126436,97.70114942528735,89.11058823529412,95.46102661596959,83.11034482758622,4.5389733840304185,2.2988505747126435,False,Clean,False,,397,435,False,False
2026-02-08,20260208,2026,2,Feb,6,Night,Line 1,Wrapper 1,Sandwich,Team C,Changeover,480,40,440,33,407,1.25,15249,345,14904,0.925,0.7805589680589681,0.9773755656108597,0.7056818181818182,0.02262443438914027,0.075,92.5,78.05589680589681,97.73755656108597,70.56818181818181,2.262443438914027,7.5,False,Clean,False,,405,440,False,False
2026-02-08,20260208,2026,2,Feb,6,Evening,Line 2,Filler 2,Cup,Team D,Changeover,480,45,435,61,374,1.05,20790,596,20194,0.8597701149425288,0.9727941176470588,0.9713323713323714,0.8124022988505748,0.028667628667628668,0.14022988505747128,85.97701149425288,97.27941176470588,97.13323713323715,81.24022988505747,2.866762866762867,14.022988505747128,False,Clean,False,,402,435,False,False
2026-02-08,20260208,2026,2,Feb,6,Morning,Line 2,Freezer 2,Ice Cream Bar,Team D,Quality Hold,480,45,435,61,374,1.15,16853,1111,15742,0.8597701149425288,0.863678698752228,0.9340770189283807,0.6936130268199233,0.0659229810716193,0.14022988505747128,85.97701149425288,86.36786987522281,93.40770189283806,69.36130268199233,6.5922981071619295,14.022988505747128,False,Clean,False,,398,435,False,False
2026-02-08,20260208,2026,2,Feb,6,Night,Line 2,Freezer 2,Cup,Team B,Packaging Jam,480,40,440,56,384,1.05,18182,90,18092,0.8727272727272727,0.8286067708333335,0.995050049499505,0.7195681818181819,0.004949950500494995,0.12727272727272726,87.27272727272727,82.86067708333334,99.5050049499505,71.95681818181819,0.4949950500494995,12.727272727272727,False,Clean,False,,406,440,False,False
2026-02-08,20260208,2026,2,Feb,6,Evening,Line 3,Case Packer 3,Ice Cream Bar,Team D,Minor Stops,480,45,435,52,383,1.15,18324,104,18220,0.8804597701149425,0.9169973890339425,0.9943243833224187,0.8027969348659002,0.0056756166775813145,0.11954022988505747,88.04597701149424,91.69973890339425,99.43243833224187,80.27969348659002,0.5675616677581314,11.954022988505747,False,Clean,False,,403,435,False,False
2026-02-08,20260208,2026,2,Feb,6,Morning,Line 3,Case Packer 3,Cup,Team C,Material Waiting,480,45,435,54,381,1.05,19488,97,19391,0.8758620689655172,0.8951181102362206,0.9950225779967159,0.7800977011494253,0.004977422003284072,0.12413793103448276,87.58620689655172,89.51181102362206,99.50225779967158,78.00977011494254,0.4977422003284072,12.413793103448276,False,Clean,False,,399,435,False,False
2026-02-08,20260208,2026,2,Feb,6,Night,Line 3,Wrapper 3,Cone,Team C,Cleaning,480,40,440,34,406,1.35,17910,300,17610,0.9227272727272727,0.9925492610837439,0.983249581239531,0.9005113636363636,0.01675041876046901,0.07727272727272727,92.27272727272727,99.25492610837439,98.3249581239531,90.05113636363636,1.675041876046901,7.727272727272727,False,Clean,False,,407,440,False,False
2026-02-08,20260208,2026,2,Feb,6,Evening,Line 4,Extruder 4,Sandwich,Team B,Material Waiting,480,45,435,82,353,1.25,13834,580,13254,0.8114942528735632,0.8164542020774316,0.958074309671823,0.6347701149425288,0.04192569032817695,0.18850574712643678,81.14942528735632,81.64542020774316,95.8074309671823,63.47701149425288,4.192569032817695,18.850574712643677,False,Clean,False,,404,435,False,False
2026-02-08,20260208,2026,2,Feb,6,Morning,Line 4,Cartoner 4,Cone,Team A,Material Waiting,480,45,435,68,367,1.35,13932,412,13520,0.8436781609195402,0.854141689373297,0.9704277921332185,0.6993103448275862,0.02957220786678151,0.15632183908045977,84.36781609195401,85.4141689373297,97.04277921332185,69.93103448275862,2.957220786678151,15.632183908045977,False,Clean,False,,400,435,False,False
2026-02-08,20260208,2026,2,Feb,6,Night,Line 4,Extruder 4,Sandwich,Team A,Material Waiting,480,40,440,63,377,1.25,17521,746,16775,0.8568181818181818,0.9682250221043325,0.9574225215455738,0.7942708333333333,0.04257747845442612,0.1431818181818182,85.68181818181819,96.82250221043324,95.74225215455738,79.42708333333333,4.257747845442612,14.318181818181818,False,Clean,False,,408,440,False,False
2026-02-09,20260209,2026,2,Feb,7,Evening,Line 1,Filler 1,Sandwich,Team D,Material Waiting,480,45,435,36,399,1.25,16881,229,16652,0.9172413793103448,0.881422305764411,0.9864344529352527,0.7975095785440613,0.013565547064747349,0.08275862068965517,91.72413793103448,88.14223057644111,98.64344529352526,79.75095785440614,1.356554706474735,8.275862068965518,False,Clean,False,,413,435,False,False
2026-02-09,20260209,2026,2,Feb,7,Morning,Line 1,Filler 1,Ice Cream Bar,Team B,Material Waiting,480,45,435,30,405,1.15,18078,453,17625,0.9310344827586207,0.8555432098765431,0.9749419183538002,0.7765804597701148,0.0250580816461998,0.06896551724137931,93.10344827586206,85.55432098765431,97.49419183538002,77.65804597701148,2.5058081646199803,6.896551724137931,False,Clean,False,,409,435,False,False
2026-02-09,20260209,2026,2,Feb,7,Night,Line 1,Cartoner 1,Cone,Team D,Breakdown,480,40,440,48,392,1.35,16370,273,16097,0.8909090909090909,0.9396045918367347,0.9833231521075138,0.8231420454545454,0.016676847892486257,0.10909090909090909,89.0909090909091,93.96045918367348,98.33231521075137,82.31420454545454,1.6676847892486257,10.909090909090908,False,Clean,False,,417,440,False,False
2026-02-09,20260209,2026,2,Feb,7,Evening,Line 2,Filler 2,Sandwich,Team B,Cleaning,480,45,435,48,387,1.25,13852,276,13576,0.8896551724137931,0.7456933677863911,0.9800750794109154,0.6501915708812261,0.01992492058908461,0.1103448275862069,88.96551724137932,74.56933677863911,98.00750794109155,65.01915708812261,1.992492058908461,11.03448275862069,False,Clean,False,,414,435,False,False
2026-02-09,20260209,2026,2,Feb,7,Morning,Line 2,Filler 2,Sandwich,Team A,Quality Hold,480,45,435,50,385,1.25,15576,902,14674,0.8850574712643678,0.8428571428571429,0.942090395480226,0.7027777777777778,0.05790960451977401,0.11494252873563218,88.50574712643679,84.28571428571429,94.2090395480226,70.27777777777779,5.790960451977401,11.494252873563218,False,Clean,False,,410,435,False,False
2026-02-09,20260209,2026,2,Feb,7,Night,Line 2,Case Packer 2,Ice Cream Bar,Team B,Breakdown,480,40,440,84,356,1.15,13135,126,13009,0.8090909090909091,0.7071746254681647,0.9904073087171679,0.5666799242424241,0.009592691282832128,0.19090909090909092,80.9090909090909,70.71746254681646,99.04073087171679,56.66799242424241,0.9592691282832128,19.090909090909093,False,Clean,False,,418,440,False,False
2026-02-09,20260209,2026,2,Feb,7,Evening,Line 3,Wrapper 3,Ice Cream Bar,Team C,Minor Stops,480,45,435,44,391,1.15,16473,548,15925,0.8988505747126436,0.8074999999999999,0.9667334426030474,0.7016762452107278,0.03326655739695259,0.10114942528735632,89.88505747126436,80.74999999999999,96.67334426030475,70.16762452107278,3.326655739695259,10.114942528735632,False,Clean,False,,415,435,False,False
2026-02-09,20260209,2026,2,Feb,7,Morning,Line 3,Wrapper 3,Multipack,Team B,Cleaning,480,45,435,31,404,1.65,11509,487,11022,0.9287356321839081,0.7834096534653465,0.957685289773221,0.6967931034482759,0.042314710226779045,0.07126436781609195,92.87356321839081,78.34096534653466,95.76852897732209,69.6793103448276,4.231471022677905,7.126436781609195,False,Clean,False,,411,435,False,False
2026-02-09,20260209,2026,2,Feb,7,Night,Line 3,Case Packer 3,Cup,Team B,Quality Hold,480,40,440,71,369,1.05,19743,1104,18639,0.8386363636363636,0.9363211382113822,0.9440814465886643,0.7413238636363637,0.05591855341133566,0.16136363636363638,83.86363636363636,93.63211382113822,94.40814465886643,74.13238636363637,5.5918553411335665,16.136363636363637,False,Clean,False,,419,440,False,False
2026-02-09,20260209,2026,2,Feb,7,Evening,Line 4,Wrapper 4,Cone,Team B,Changeover,480,45,435,73,362,1.35,15851,493,15358,0.832183908045977,0.9852140883977901,0.9688978613336698,0.7943793103448277,0.0311021386663302,0.167816091954023,83.2183908045977,98.52140883977901,96.88978613336698,79.43793103448277,3.11021386663302,16.7816091954023,False,Clean,False,,416,435,False,False
2026-02-09,20260209,2026,2,Feb,7,Morning,Line 4,Wrapper 4,Cone,Team A,Packaging Jam,480,45,435,112,323,1.35,11131,55,11076,0.7425287356321839,0.7753792569659443,0.9950588446680442,0.5728965517241379,0.004941155331955799,0.2574712643678161,74.25287356321839,77.53792569659443,99.50588446680442,57.28965517241379,0.4941155331955799,25.74712643678161,False,Clean,False,,412,435,False,False
2026-02-09,20260209,2026,2,Feb,7,Night,Line 4,Cartoner 4,Multipack,Team D,Breakdown,480,40,440,54,386,1.65,13009,510,12499,0.8772727272727273,0.9268069948186528,0.9607963717426398,0.7811875,0.03920362825736029,0.12272727272727273,87.72727272727273,92.68069948186528,96.07963717426398,78.11875,3.920362825736029,12.272727272727273,False,Clean,False,,420,440,False,False
2026-02-10,20260210,2026,2,Feb,7,Evening,Line 1,Cartoner 1,Cone,Team D,Quality Hold,480,45,435,36,399,1.35,15214,687,14527,0.9172413793103448,0.8579323308270678,0.9548442224267122,0.751396551724138,0.04515577757328776,0.08275862068965517,91.72413793103448,85.79323308270678,95.48442224267122,75.1396551724138,4.515577757328776,8.275862068965518,False,Clean,False,,425,435,False,False
2026-02-10,20260210,2026,2,Feb,7,Morning,Line 1,Cartoner 1,Ice Cream Bar,Team A,Quality Hold,480,45,435,0,435,1.15,20067,976,19091,1.0,0.8841781609195402,0.9513629341705288,0.8411743295019156,0.04863706582947127,0.0,100.0,88.41781609195401,95.13629341705287,84.11743295019156,4.863706582947127,0.0,False,Clean,False,,421,435,False,False
2026-02-10,20260210,2026,2,Feb,7,Night,Line 1,Cartoner 1,Ice Cream Bar,Team D,Changeover,480,40,440,60,380,1.15,18433,307,18126,0.8636363636363636,0.9297346491228069,0.9833450876146043,0.7895795454545453,0.016654912385395758,0.13636363636363635,86.36363636363636,92.97346491228069,98.33450876146043,78.95795454545453,1.6654912385395757,13.636363636363635,False,Clean,False,,429,440,False,False
2026-02-10,20260210,2026,2,Feb,7,Evening,Line 2,Freezer 2,Multipack,Team D,Material Waiting,480,45,435,44,391,1.65,12964,194,12770,0.8988505747126436,0.9117902813299232,0.9850354828756557,0.8072988505747125,0.014964517124344339,0.10114942528735632,89.88505747126436,91.17902813299233,98.50354828756556,80.72988505747125,1.4964517124344339,10.114942528735632,False,Clean,False,,426,435,False,False
2026-02-10,20260210,2026,2,Feb,7,Morning,Line 2,Filler 2,Ice Cream Bar,Team D,Changeover,480,45,435,57,378,1.15,17067,450,16617,0.8689655172413793,0.8653902116402116,0.9736333274740727,0.7321666666666665,0.02636667252592723,0.1310344827586207,86.89655172413792,86.53902116402115,97.36333274740727,73.21666666666665,2.636667252592723,13.10344827586207,False,Clean,False,,422,435,False,False
2026-02-10,20260210,2026,2,Feb,7,Night,Line 2,Filler 2,Multipack,Team B,Changeover,480,40,440,48,392,1.65,10181,468,9713,0.8909090909090909,0.7142283163265305,0.9540320204302132,0.6070624999999998,0.045967979569786856,0.10909090909090909,89.0909090909091,71.42283163265304,95.40320204302132,60.70624999999998,4.596797956978685,10.909090909090908,False,Clean,False,,430,440,False,False
2026-02-10,20260210,2026,2,Feb,7,Evening,Line 3,Moulder 3,Multipack,Team A,Packaging Jam,480,45,435,75,360,1.65,10766,247,10519,0.8275862068965517,0.8224027777777777,0.9770574029351663,0.6649942528735632,0.022942597064833734,0.1724137931034483,82.75862068965517,82.24027777777778,97.70574029351663,66.49942528735632,2.2942597064833734,17.24137931034483,False,Clean,False,,427,435,False,False
2026-02-10,20260210,2026,2,Feb,7,Morning,Line 3,Moulder 3,Cup,Team A,Breakdown,480,45,435,59,376,1.05,20694,103,20591,0.864367816091954,0.9631515957446809,0.9950227118971683,0.8283735632183908,0.004977288102831739,0.135632183908046,86.4367816091954,96.31515957446808,99.50227118971682,82.83735632183908,0.49772881028317384,13.563218390804598,False,Clean,False,,423,435,False,False
2026-02-10,20260210,2026,2,Feb,7,Night,Line 3,Wrapper 3,Cup,Team C,Quality Hold,480,40,440,58,382,1.05,18345,881,17464,0.8681818181818182,0.8404123036649215,0.9519760152630145,0.694590909090909,0.048023984736985555,0.1318181818181818,86.81818181818181,84.04123036649214,95.19760152630144,69.4590909090909,4.802398473698555,13.18181818181818,False,Clean,False,,431,440,False,False
2026-02-10,20260210,2026,2,Feb,7,Evening,Line 4,Wrapper 4,Multipack,Team A,Breakdown,480,45,435,46,389,1.65,12293,466,11827,0.8942528735632184,0.8690424164524421,0.9620922476205971,0.747683908045977,0.037907752379402915,0.10574712643678161,89.42528735632183,86.90424164524421,96.2092247620597,74.7683908045977,3.7907752379402915,10.574712643678161,False,Clean,False,,428,435,False,False
2026-02-10,20260210,2026,2,Feb,7,Morning,Line 4,Cartoner 4,Multipack,Team C,Minor Stops,480,45,435,57,378,1.65,13845,136,13709,0.8689655172413793,1.0072420634920636,0.9901769591910436,0.8666609195402298,0.009823040808956301,0.1310344827586207,86.89655172413792,100.72420634920636,99.01769591910437,86.66609195402299,0.9823040808956301,13.10344827586207,True,Warning,False,,424,435,False,True
2026-02-10,20260210,2026,2,Feb,7,Night,Line 4,Wrapper 4,Cone,Team A,Quality Hold,480,40,440,71,369,1.35,12777,869,11908,0.8386363636363636,0.7790853658536586,0.9319871644360961,0.6089318181818182,0.06801283556390389,0.16136363636363638,83.86363636363636,77.90853658536587,93.19871644360961,60.893181818181816,6.801283556390389,16.136363636363637,False,Clean,False,,432,440,False,False
2026-02-11,20260211,2026,2,Feb,7,Evening,Line 1,Wrapper 1,Sandwich,Team B,Breakdown,480,45,435,29,406,1.25,15770,325,15445,0.9333333333333333,0.8092159277504105,0.9793912492073558,0.7397030651340997,0.02060875079264426,0.06666666666666667,93.33333333333333,80.92159277504105,97.93912492073558,73.97030651340997,2.060875079264426,6.666666666666667,False,Clean,False,,437,435,False,False
2026-02-11,20260211,2026,2,Feb,7,Morning,Line 1,Wrapper 1,Cone,Team B,Changeover,480,45,435,54,381,1.35,14690,369,14321,0.8758620689655172,0.86751968503937,0.9748808713410483,0.7407413793103448,0.02511912865895167,0.12413793103448276,87.58620689655172,86.75196850393701,97.48808713410483,74.07413793103447,2.511912865895167,12.413793103448276,False,Clean,False,,433,435,False,False
2026-02-11,20260211,2026,2,Feb,7,Night,Line 1,Wrapper 1,Sandwich,Team B,Cleaning,480,40,440,40,400,1.25,17363,482,16881,0.9090909090909091,0.9043229166666666,0.9722398203075505,0.7992897727272726,0.027760179692449462,0.09090909090909091,90.9090909090909,90.43229166666666,97.22398203075505,79.92897727272727,2.776017969244946,9.090909090909092,False,Clean,False,,441,440,False,False
2026-02-11,20260211,2026,2,Feb,7,Evening,Line 2,Freezer 2,Cup,Team A,Breakdown,480,45,435,40,395,1.05,20819,708,20111,0.9080459770114943,0.9223607594936709,0.9659926029108026,0.8090632183908045,0.034007397089197366,0.09195402298850575,90.80459770114942,92.23607594936709,96.59926029108026,80.90632183908045,3.400739708919737,9.195402298850574,False,Clean,False,,438,435,False,False
2026-02-11,20260211,2026,2,Feb,7,Morning,Line 2,Filler 2,Cup,Team D,Changeover,480,45,435,58,377,1.05,17172,322,16850,0.8666666666666667,0.79710875331565,0.9812485441416259,0.6778735632183909,0.018751455858374098,0.13333333333333333,86.66666666666667,79.710875331565,98.12485441416258,67.78735632183908,1.8751455858374098,13.333333333333334,False,Clean,False,,434,435,False,False
2026-02-11,20260211,2026,2,Feb,7,Night,Line 2,Case Packer 2,Cone,Team C,Minor Stops,480,40,440,61,379,1.35,15472,263,15209,0.8613636363636363,0.9185224274406333,0.983001551189245,0.7777329545454545,0.01699844881075491,0.13863636363636364,86.13636363636363,91.85224274406333,98.30015511892451,77.77329545454546,1.6998448810754911,13.863636363636363,False,Clean,False,,442,440,False,False
2026-02-11,20260211,2026,2,Feb,7,Evening,Line 3,Moulder 3,Cone,Team D,Breakdown,480,45,435,67,368,1.35,12716,319,12397,0.8459770114942529,0.7774728260869567,0.9749134948096886,0.6412241379310346,0.025086505190311418,0.15402298850574714,84.59770114942529,77.74728260869567,97.49134948096886,64.12241379310346,2.508650519031142,15.402298850574713,False,Clean,False,,439,435,False,False
2026-02-11,20260211,2026,2,Feb,7,Morning,Line 3,Case Packer 3,Ice Cream Bar,Team B,Cleaning,480,45,435,55,380,1.15,16641,530,16111,0.8735632183908046,0.8393486842105262,0.9681509524667988,0.7098716475095785,0.03184904753320113,0.12643678160919541,87.35632183908046,83.93486842105263,96.81509524667989,70.98716475095786,3.184904753320113,12.643678160919542,False,Clean,False,,435,435,False,False
2026-02-11,20260211,2026,2,Feb,7,Night,Line 3,Moulder 3,Sandwich,Team B,Material Waiting,480,40,440,63,377,1.25,16975,392,16583,0.8568181818181818,0.938052608311229,0.9769072164948454,0.7851799242424243,0.02309278350515464,0.1431818181818182,85.68181818181819,93.80526083112291,97.69072164948453,78.51799242424244,2.3092783505154637,14.318181818181818,False,Clean,False,,443,440,False,False
2026-02-11,20260211,2026,2,Feb,7,Evening,Line 4,Wrapper 4,Sandwich,Team C,Packaging Jam,480,45,435,113,322,1.25,12160,447,11713,0.7402298850574712,0.7867494824016563,0.9632401315789474,0.5609674329501916,0.03675986842105263,0.2597701149425287,74.02298850574712,78.67494824016563,96.32401315789474,56.09674329501916,3.6759868421052633,25.97701149425287,False,Clean,False,,440,435,False,False
2026-02-11,20260211,2026,2,Feb,7,Morning,Line 4,Cartoner 4,Cup,Team A,Cleaning,480,45,435,46,389,1.05,17595,462,17133,0.8942528735632184,0.7915488431876607,0.9737425404944586,0.6892586206896552,0.026257459505541345,0.10574712643678161,89.42528735632183,79.15488431876608,97.37425404944587,68.92586206896551,2.6257459505541347,10.574712643678161,False,Clean,False,,436,435,False,False
2026-02-11,20260211,2026,2,Feb,7,Night,Line 4,Cartoner 4,Sandwich,Team A,Packaging Jam,480,40,440,99,341,1.25,13996,371,13625,0.775,0.8550830889540567,0.973492426407545,0.6451231060606061,0.026507573592454987,0.225,77.5,85.50830889540568,97.3492426407545,64.51231060606061,2.6507573592454987,22.5,False,Clean,False,,444,440,False,False
2026-02-12,20260212,2026,2,Feb,7,Evening,Line 1,Filler 1,Sandwich,Team C,Packaging Jam,480,45,435,56,379,1.25,15067,316,14751,0.871264367816092,0.8282211961301671,0.9790270126767107,0.7064655172413793,0.020972987323289307,0.12873563218390804,87.1264367816092,82.82211961301671,97.90270126767106,70.64655172413794,2.0972987323289307,12.873563218390805,False,Clean,False,,449,435,False,False
2026-02-12,20260212,2026,2,Feb,7,Morning,Line 1,Filler 1,Multipack,Team C,Material Waiting,480,45,435,56,379,1.65,10988,678,10310,0.871264367816092,0.7972823218997361,0.9382963232617401,0.6517816091954023,0.06170367673825992,0.12873563218390804,87.1264367816092,79.72823218997361,93.829632326174,65.17816091954023,6.170367673825992,12.873563218390805,False,Clean,False,,445,435,False,False
2026-02-12,20260212,2026,2,Feb,7,Night,Line 1,Wrapper 1,Ice Cream Bar,Team C,Packaging Jam,480,40,440,84,356,1.15,15971,79,15892,0.8090909090909091,0.8598618913857677,0.995053534531338,0.6922651515151516,0.00494646546866195,0.19090909090909092,80.9090909090909,85.98618913857678,99.50535345313381,69.22651515151516,0.494646546866195,19.090909090909093,False,Clean,False,,453,440,False,False
2026-02-12,20260212,2026,2,Feb,7,Evening,Line 2,Freezer 2,Ice Cream Bar,Team A,Changeover,480,45,435,49,386,1.15,16251,277,15974,0.8873563218390804,0.8069365284974093,0.9829548950833795,0.7038352490421454,0.017045104916620514,0.11264367816091954,88.73563218390804,80.69365284974093,98.29548950833795,70.38352490421454,1.7045104916620515,11.264367816091953,False,Clean,False,,450,435,False,False
2026-02-12,20260212,2026,2,Feb,7,Morning,Line 2,Freezer 2,Cup,Team A,Material Waiting,480,45,435,59,376,1.05,19461,97,19364,0.864367816091954,0.9057646276595744,0.9950156723703818,0.7790114942528735,0.004984327629618211,0.135632183908046,86.4367816091954,90.57646276595744,99.50156723703817,77.90114942528736,0.4984327629618211,13.563218390804598,False,Clean,False,,446,435,False,False
2026-02-12,20260212,2026,2,Feb,7,Night,Line 2,Case Packer 2,Ice Cream Bar,Team C,Breakdown,480,40,440,47,393,1.15,19129,312,18817,0.8931818181818182,0.9329240882103477,0.9836896858173454,0.8196799242424242,0.01631031418265461,0.10681818181818181,89.31818181818181,93.29240882103477,98.36896858173453,81.96799242424242,1.631031418265461,10.681818181818182,False,Clean,False,,454,440,False,False
2026-02-12,20260212,2026,2,Feb,7,Evening,Line 3,Wrapper 3,Multipack,Team D,Changeover,480,45,435,39,396,1.65,13315,243,13072,0.9103448275862069,0.9246527777777778,0.9817499061209163,0.8263908045977012,0.018250093879083742,0.0896551724137931,91.0344827586207,92.46527777777777,98.17499061209163,82.63908045977011,1.8250093879083742,8.96551724137931,False,Clean,False,,451,435,False,False
2026-02-12,20260212,2026,2,Feb,7,Morning,Line 3,Moulder 3,Multipack,Team D,Changeover,480,45,435,54,381,1.65,9429,86,9343,0.8758620689655172,0.6805708661417322,0.9908792024604942,0.5906494252873563,0.00912079753950578,0.12413793103448276,87.58620689655172,68.05708661417323,99.08792024604942,59.06494252873563,0.912079753950578,12.413793103448276,False,Clean,False,,447,435,False,False
2026-02-12,20260212,2026,2,Feb,7,Night,Line 3,Wrapper 3,Cone,Team A,Quality Hold,480,40,440,38,402,1.35,16649,992,15657,0.9136363636363637,0.9318470149253731,0.9404168418523635,0.8006420454545455,0.0595831581476365,0.08636363636363636,91.36363636363637,93.18470149253731,94.04168418523635,80.06420454545456,5.95831581476365,8.636363636363637,False,Clean,False,,455,440,False,False
2026-02-12,20260212,2026,2,Feb,7,Evening,Line 4,Extruder 4,Ice Cream Bar,Team B,Packaging Jam,480,45,435,74,361,1.15,17919,452,17467,0.8298850574712644,0.9513781163434902,0.9747753780902952,0.7696187739463601,0.025224621909704783,0.17011494252873563,82.98850574712644,95.13781163434902,97.47753780902953,76.96187739463602,2.522462190970478,17.011494252873565,False,Clean,False,,452,435,False,False
2026-02-12,20260212,2026,2,Feb,7,Morning,Line 4,Wrapper 4,Ice Cream Bar,Team B,Cleaning,480,45,435,76,359,1.15,17235,666,16569,0.825287356321839,0.9201601671309192,0.9613577023498695,0.7300517241379311,0.038642297650130546,0.17471264367816092,82.5287356321839,92.01601671309191,96.13577023498695,73.0051724137931,3.8642297650130546,17.47126436781609,False,Clean,False,,448,435,False,False
2026-02-12,20260212,2026,2,Feb,7,Night,Line 4,Cartoner 4,Cup,Team C,Changeover,480,40,440,81,359,1.05,19575,737,18838,0.8159090909090909,0.9542130919220055,0.9623499361430395,0.7492386363636363,0.03765006385696041,0.18409090909090908,81.5909090909091,95.42130919220055,96.23499361430396,74.92386363636363,3.765006385696041,18.409090909090907,False,Clean,False,,456,440,False,False
2026-02-13,20260213,2026,2,Feb,7,Evening,Line 1,Wrapper 1,Multipack,Team A,Quality Hold,480,45,435,32,403,1.65,12636,389,12247,0.9264367816091954,0.862258064516129,0.9692149414371637,0.774235632183908,0.03078505856283634,0.0735632183908046,92.64367816091954,86.2258064516129,96.92149414371637,77.4235632183908,3.078505856283634,7.35632183908046,False,Clean,False,,461,435,False,False
2026-02-13,20260213,2026,2,Feb,7,Morning,Line 1,Filler 1,Cup,Team B,Packaging Jam,480,45,435,76,359,1.05,16983,271,16712,0.825287356321839,0.8278621169916435,0.9840428663958076,0.6723218390804597,0.015957133604192427,0.17471264367816092,82.5287356321839,82.78621169916434,98.40428663958076,67.23218390804597,1.5957133604192426,17.47126436781609,False,Clean,False,,457,435,False,False
2026-02-13,20260213,2026,2,Feb,7,Night,Line 1,Filler 1,Sandwich,Team B,Changeover,480,40,440,70,370,1.25,16183,720,15463,0.8409090909090909,0.9112049549549549,0.9555088673299141,0.7321496212121212,0.04449113267008589,0.1590909090909091,84.0909090909091,91.12049549549549,95.55088673299142,73.21496212121212,4.449113267008589,15.909090909090908,False,Clean,False,,465,440,False,False
2026-02-13,20260213,2026,2,Feb,7,Evening,Line 2,Case Packer 2,Multipack,Team C,Breakdown,480,45,435,80,355,1.65,11046,272,10774,0.8160919540229885,0.855676056338028,0.975375701611443,0.6811149425287355,0.024624298388556943,0.1839080459770115,81.60919540229885,85.5676056338028,97.5375701611443,68.11149425287356,2.4624298388556944,18.39080459770115,False,Clean,False,,462,435,False,False
2026-02-13,20260213,2026,2,Feb,7,Morning,Line 2,Case Packer 2,Ice Cream Bar,Team D,Changeover,480,45,435,57,378,1.15,17319,765,16554,0.8689655172413793,0.8781679894179893,0.955828858479127,0.7293908045977011,0.04417114152087303,0.1310344827586207,86.89655172413792,87.81679894179894,95.5828858479127,72.93908045977011,4.4171141520873025,13.10344827586207,False,Clean,False,,458,435,False,False
2026-02-13,20260213,2026,2,Feb,7,Night,Line 2,Filler 2,Cone,Team C,Cleaning,480,40,440,34,406,1.35,18883,657,18226,0.9227272727272727,1.0464716748768474,0.9652067997669862,0.9320113636363638,0.03479320023301382,0.07727272727272727,92.27272727272727,104.64716748768474,96.52067997669862,93.20113636363638,3.479320023301382,7.727272727272727,True,Warning,True,Counter reconciliation pending,466,440,False,True
2026-02-13,20260213,2026,2,Feb,7,Evening,Line 3,Case Packer 3,Multipack,Team A,Cleaning,480,45,435,34,401,1.65,12394,219,12175,0.9218390804597701,0.8499625935162094,0.98233015975472,0.769683908045977,0.017669840245279973,0.07816091954022988,92.18390804597702,84.99625935162094,98.233015975472,76.9683908045977,1.7669840245279973,7.816091954022989,False,Clean,False,,463,435,False,False
2026-02-13,20260213,2026,2,Feb,7,Morning,Line 3,Case Packer 3,Sandwich,Team C,Minor Stops,480,45,435,26,409,1.25,18069,387,17682,0.9402298850574713,0.9203850855745721,0.9785821019425536,0.8468390804597701,0.021417898057446455,0.059770114942528735,94.02298850574712,92.0385085574572,97.85821019425536,84.683908045977,2.1417898057446454,5.977011494252873,False,Clean,False,,459,435,False,False
2026-02-13,20260213,2026,2,Feb,7,Night,Line 3,Moulder 3,Sandwich,Team D,Packaging Jam,480,40,440,34,406,1.25,16345,317,16028,0.9227272727272727,0.8387212643678161,0.9806056898133986,0.7589015151515152,0.019394310186601406,0.07727272727272727,92.27272727272727,83.87212643678161,98.06056898133986,75.89015151515152,1.9394310186601407,7.727272727272727,False,Clean,False,,467,440,False,False
2026-02-13,20260213,2026,2,Feb,7,Evening,Line 4,Wrapper 4,Sandwich,Team A,Packaging Jam,480,45,435,78,357,1.25,12925,253,12672,0.8206896551724138,0.7542600373482726,0.9804255319148936,0.6068965517241378,0.01957446808510638,0.1793103448275862,82.06896551724138,75.42600373482726,98.04255319148936,60.68965517241378,1.9574468085106382,17.93103448275862,False,Clean,False,,464,435,False,False
2026-02-13,20260213,2026,2,Feb,7,Morning,Line 4,Extruder 4,Cup,Team C,Changeover,480,45,435,69,366,1.05,18294,885,17409,0.8413793103448276,0.8747131147540984,0.9516234831092162,0.7003620689655173,0.048376516890783865,0.15862068965517243,84.13793103448276,87.47131147540983,95.16234831092162,70.03620689655173,4.8376516890783865,15.862068965517242,False,Clean,False,,460,435,False,False
2026-02-13,20260213,2026,2,Feb,7,Night,Line 4,Wrapper 4,Ice Cream Bar,Team D,Changeover,480,40,440,79,361,1.15,19753,410,19343,0.8204545454545454,1.0487511542012926,0.979243659191009,0.8425928030303029,0.02075634080899104,0.17954545454545454,82.04545454545455,104.87511542012926,97.9243659191009,84.2592803030303,2.075634080899104,17.954545454545453,True,Warning,False,,468,440,False,True
2026-02-14,20260214,2026,2,Feb,7,Evening,Line 1,Cartoner 1,Cone,Team B,Packaging Jam,480,45,435,52,383,1.35,16354,385,15969,0.8804597701149425,0.9607441253263708,0.9764583588112999,0.8259827586206896,0.023541641188700013,0.11954022988505747,88.04597701149424,96.07441253263708,97.64583588113,82.59827586206896,2.3541641188700013,11.954022988505747,False,Clean,False,,473,435,False,False
2026-02-14,20260214,2026,2,Feb,7,Morning,Line 1,Wrapper 1,Multipack,Team B,Changeover,480,45,435,37,398,1.65,13670,403,13267,0.9149425287356322,0.944535175879397,0.9705193855157279,0.8387183908045976,0.029480614484272128,0.08505747126436781,91.49425287356323,94.4535175879397,97.05193855157279,83.87183908045976,2.9480614484272127,8.505747126436782,False,Clean,False,,469,435,False,False
2026-02-14,20260214,2026,2,Feb,7,Night,Line 1,Wrapper 1,Sandwich,Team A,Packaging Jam,480,40,440,54,386,1.25,16314,493,15821,0.8772727272727273,0.8805051813471503,0.969780556577173,0.7491003787878788,0.03021944342282702,0.12272727272727273,87.72727272727273,88.05051813471503,96.9780556577173,74.91003787878789,3.0219443422827017,12.272727272727273,False,Clean,False,,477,440,False,False
2026-02-14,20260214,2026,2,Feb,7,Evening,Line 2,Case Packer 2,Multipack,Team D,Changeover,480,45,435,54,381,1.65,12452,389,12063,0.8758620689655172,0.8987664041994751,0.9687600385480244,0.762603448275862,0.031239961451975586,0.12413793103448276,87.58620689655172,89.8766404199475,96.87600385480243,76.2603448275862,3.1239961451975584,12.413793103448276,False,Clean,False,,474,435,False,False
2026-02-14,20260214,2026,2,Feb,7,Morning,Line 2,Case Packer 2,Ice Cream Bar,Team B,Quality Hold,480,45,435,36,399,1.15,20403,1118,19285,0.9172413793103448,0.9800939849624059,0.9452041366465715,0.8497222222222219,0.05479586335342842,0.08275862068965517,91.72413793103448,98.00939849624058,94.52041366465716,84.9722222222222,5.479586335342842,8.275862068965518,False,Clean,False,,470,435,False,False
2026-02-14,20260214,2026,2,Feb,7,Night,Line 2,Filler 2,Ice Cream Bar,Team B,Quality Hold,480,40,440,59,381,1.15,14596,864,13732,0.865909090909091,0.7342694663167103,0.9408057001918334,0.5981742424242424,0.05919429980816662,0.1340909090909091,86.5909090909091,73.42694663167103,94.08057001918334,59.817424242424245,5.919429980816663,13.40909090909091,False,Clean,False,,478,440,False,False
2026-02-14,20260214,2026,2,Feb,7,Evening,Line 3,Moulder 3,Cup,Team A,Changeover,480,45,435,38,397,1.05,19372,379,18993,0.9126436781609195,0.8539294710327456,0.9804356803634111,0.7640862068965517,0.019564319636588893,0.08735632183908046,91.26436781609195,85.39294710327457,98.04356803634111,76.40862068965517,1.9564319636588894,8.735632183908045,False,Clean,False,,475,435,False,False
2026-02-14,20260214,2026,2,Feb,7,Morning,Line 3,Wrapper 3,Cone,Team B,Breakdown,480,45,435,68,367,1.35,12255,182,12073,0.8436781609195402,0.7513283378746594,0.9851489188086495,0.6244655172413792,0.014851081191350469,0.15632183908045977,84.36781609195401,75.13283378746594,98.51489188086495,62.44655172413792,1.4851081191350468,15.632183908045977,False,Clean,False,,471,435,False,False
2026-02-14,20260214,2026,2,Feb,7,Night,Line 3,Wrapper 3,Ice Cream Bar,Team A,Material Waiting,480,40,440,30,410,1.15,20190,391,19799,0.9318181818181818,0.9438414634146342,0.9806339772164437,0.8624564393939392,0.019366022783556217,0.06818181818181818,93.18181818181817,94.38414634146342,98.06339772164438,86.24564393939393,1.9366022783556216,6.8181818181818175,False,Clean,False,,479,440,False,False
2026-02-14,20260214,2026,2,Feb,7,Evening,Line 4,Wrapper 4,Ice Cream Bar,Team C,Minor Stops,480,45,435,49,386,1.15,16810,657,16153,0.8873563218390804,0.8346934369602763,0.9609161213563355,0.7117222222222221,0.039083878643664485,0.11264367816091954,88.73563218390804,83.46934369602764,96.09161213563355,71.17222222222222,3.9083878643664485,11.264367816091953,False,Clean,False,,476,435,False,False
2026-02-14,20260214,2026,2,Feb,7,Morning,Line 4,Wrapper 4,Cone,Team B,Packaging Jam,480,45,435,54,381,1.35,15046,573,14473,0.8758620689655172,0.8885433070866142,0.96191678851522,0.7486034482758621,0.03808321148478001,0.12413793103448276,87.58620689655172,88.85433070866142,96.191678851522,74.86034482758622,3.808321148478001,12.413793103448276,False,Clean,False,,472,435,False,False
2026-02-14,20260214,2026,2,Feb,7,Night,Line 4,Extruder 4,Ice Cream Bar,Team D,Breakdown,480,40,440,64,376,1.15,18031,199,17832,0.8545454545454545,0.9191334219858155,0.9889634518329543,0.7767727272727271,0.011036548167045643,0.14545454545454545,85.45454545454545,91.91334219858155,98.89634518329544,77.67727272727271,1.1036548167045643,14.545454545454545,False,Clean,False,,480,440,False,False
2026-02-15,20260215,2026,2,Feb,7,Evening,Line 1,Wrapper 1,Ice Cream Bar,Team B,Changeover,480,45,435,45,390,1.15,16157,161,15996,0.896551724137931,0.7940405982905983,0.9900352788265149,0.7048045977011494,0.009964721173485177,0.10344827586206896,89.65517241379311,79.40405982905983,99.00352788265148,70.48045977011495,0.9964721173485177,10.344827586206897,False,Clean,False,,485,435,False,False
2026-02-15,20260215,2026,2,Feb,7,Morning,Line 1,Filler 1,Ice Cream Bar,Team C,Packaging Jam,480,45,435,43,392,1.15,19122,298,18824,0.9011494252873563,0.9349617346938776,0.9844158560819998,0.8294099616858238,0.015584143918000209,0.09885057471264368,90.11494252873563,93.49617346938776,98.44158560819997,82.94099616858239,1.5584143918000208,9.885057471264368,False,Clean,False,,481,435,False,False
2026-02-15,20260215,2026,2,Feb,7,Night,Line 1,Cartoner 1,Sandwich,Team C,Changeover,480,40,440,44,396,1.25,16734,338,16396,0.9,0.8803661616161617,0.9798016015298195,0.7763257575757576,0.02019839847018047,0.1,90.0,88.03661616161617,97.98016015298195,77.63257575757576,2.019839847018047,10.0,False,Clean,False,,489,440,False,False
2026-02-15,20260215,2026,2,Feb,7,Evening,Line 2,Freezer 2,Multipack,Team B,Material Waiting,480,45,435,66,369,1.65,11800,373,11427,0.8482758620689655,0.8794037940379403,0.9683898305084746,0.722396551724138,0.031610169491525425,0.15172413793103448,84.82758620689656,87.94037940379404,96.83898305084746,72.23965517241379,3.1610169491525424,15.172413793103448,False,Clean,False,,486,435,False,False
2026-02-15,20260215,2026,2,Feb,7,Morning,Line 2,Freezer 2,Sandwich,Team B,Minor Stops,480,45,435,41,394,1.25,19310,619,18691,0.9057471264367816,1.0210448392554992,0.9679440704298291,0.8951628352490422,0.032055929570170894,0.09425287356321839,90.57471264367815,102.10448392554991,96.79440704298291,89.51628352490421,3.2055929570170894,9.425287356321839,True,Warning,False,,482,435,False,True
2026-02-15,20260215,2026,2,Feb,7,Night,Line 2,Filler 2,Sandwich,Team D,Packaging Jam,480,40,440,69,371,1.25,15700,221,15479,0.8431818181818181,0.8816262353998203,0.9859235668789809,0.732907196969697,0.014076433121019109,0.15681818181818183,84.31818181818181,88.16262353998204,98.59235668789809,73.2907196969697,1.407643312101911,15.681818181818183,False,Clean,False,,490,440,False,False
2026-02-15,20260215,2026,2,Feb,7,Evening,Line 3,Case Packer 3,Sandwich,Team A,Packaging Jam,480,45,435,69,366,1.25,14167,362,13805,0.8413793103448276,0.8064093806921676,0.9744476600550576,0.6611590038314177,0.025552339944942472,0.15862068965517243,84.13793103448276,80.64093806921676,97.44476600550576,66.11590038314176,2.5552339944942473,15.862068965517242,False,Warning,True,Quality rejection code needs approval,487,435,False,True
2026-02-15,20260215,2026,2,Feb,7,Morning,Line 3,Moulder 3,Ice Cream Bar,Team D,Cleaning,480,45,435,45,390,1.15,17571,599,16972,0.896551724137931,0.8635320512820512,0.9659097376358773,0.7478084291187739,0.0340902623641227,0.10344827586206896,89.65517241379311,86.35320512820512,96.59097376358773,74.78084291187739,3.40902623641227,10.344827586206897,False,Clean,False,,483,435,False,False
2026-02-15,20260215,2026,2,Feb,7,Night,Line 3,Wrapper 3,Cone,Team C,Material Waiting,480,40,440,38,402,1.35,19184,418,18766,0.9136363636363637,1.0737313432835822,0.9782110091743119,0.9596250000000002,0.021788990825688075,0.08636363636363636,91.36363636363637,107.37313432835822,97.8211009174312,95.96250000000002,2.1788990825688073,8.636363636363637,True,Warning,False,,491,440,False,True
2026-02-15,20260215,2026,2,Feb,7,Evening,Line 4,Cartoner 4,Ice Cream Bar,Team A,Changeover,480,45,435,85,350,1.15,16489,802,15687,0.8045977011494253,0.9029690476190475,0.9513615137364303,0.6911896551724136,0.048638486263569654,0.19540229885057472,80.45977011494253,90.29690476190476,95.13615137364303,69.11896551724136,4.863848626356965,19.54022988505747,False,Clean,False,,488,435,False,False
2026-02-15,20260215,2026,2,Feb,7,Morning,Line 4,Wrapper 4,Sandwich,Team A,Breakdown,480,45,435,75,360,1.25,16541,734,15807,0.8275862068965517,0.9572337962962963,0.9556254156338795,0.7570402298850575,0.04437458436612055,0.1724137931034483,82.75862068965517,95.72337962962963,95.56254156338795,75.70402298850574,4.437458436612055,17.24137931034483,False,Clean,False,,484,435,False,False
2026-02-15,20260215,2026,2,Feb,7,Night,Line 4,Extruder 4,Ice Cream Bar,Team A,Minor Stops,480,40,440,68,372,1.15,17742,306,17436,0.8454545454545455,0.9141263440860214,0.9827527899898546,0.7595227272727272,0.017247210010145418,0.15454545454545454,84.54545454545455,91.41263440860214,98.27527899898546,75.95227272727271,1.7247210010145417,15.454545454545453,False,Clean,False,,492,440,False,False
2026-02-16,20260216,2026,2,Feb,8,Evening,Line 1,Wrapper 1,Multipack,Team D,Breakdown,480,45,435,68,367,1.65,10087,227,9860,0.8436781609195402,0.7558378746594006,0.977495786656092,0.6233333333333333,0.022504213343908,0.15632183908045977,84.36781609195401,75.58378746594005,97.7495786656092,62.33333333333333,2.2504213343908,15.632183908045977,False,Clean,False,,497,435,False,False
2026-02-16,20260216,2026,2,Feb,8,Morning,Line 1,Wrapper 1,Sandwich,Team B,Minor Stops,480,45,435,25,410,1.25,15053,568,14485,0.9425287356321839,0.7648882113821138,0.9622666578090746,0.6937260536398467,0.0377333421909254,0.05747126436781609,94.25287356321839,76.48882113821138,96.22666578090747,69.37260536398468,3.77333421909254,5.747126436781609,False,Clean,False,,493,435,False,False
2026-02-16,20260216,2026,2,Feb,8,Night,Line 1,Filler 1,Cup,Team A,Minor Stops,480,40,440,41,399,1.05,16577,82,16495,0.9068181818181819,0.727061403508772,0.9950533872232612,0.6560511363636364,0.004946612776738855,0.09318181818181819,90.68181818181819,72.7061403508772,99.50533872232612,65.60511363636364,0.4946612776738855,9.318181818181818,False,Warning,True,Counter reconciliation pending,501,440,False,True
2026-02-16,20260216,2026,2,Feb,8,Evening,Line 2,Case Packer 2,Cup,Team C,Quality Hold,480,45,435,74,361,1.05,17235,1090,16145,0.8298850574712644,0.8354916897506925,0.9367565999419786,0.6495114942528737,0.06324340005802147,0.17011494252873563,82.98850574712644,83.54916897506925,93.67565999419786,64.95114942528737,6.324340005802147,17.011494252873565,False,Clean,False,,498,435,False,False
2026-02-16,20260216,2026,2,Feb,8,Morning,Line 2,Freezer 2,Sandwich,Team D,Cleaning,480,45,435,25,410,1.25,18283,495,17788,0.9425287356321839,0.9290142276422764,0.9729256686539408,0.8519157088122605,0.02707433134605918,0.05747126436781609,94.25287356321839,92.90142276422763,97.29256686539408,85.19157088122606,2.707433134605918,5.747126436781609,False,Clean,False,,494,435,False,False
2026-02-16,20260216,2026,2,Feb,8,Night,Line 2,Freezer 2,Sandwich,Team B,Changeover,480,40,440,69,371,1.25,13245,259,12986,0.8431818181818181,0.743766846361186,0.9804454511136278,0.6148674242424242,0.019554548886372217,0.15681818181818183,84.31818181818181,74.3766846361186,98.04454511136278,61.48674242424242,1.9554548886372216,15.681818181818183,False,Clean,False,,502,440,False,False
2026-02-16,20260216,2026,2,Feb,8,Evening,Line 3,Wrapper 3,Multipack,Team A,Changeover,480,45,435,69,366,1.65,10861,276,10585,0.8413793103448276,0.8160587431693989,0.9745879753245558,0.6691666666666666,0.02541202467544425,0.15862068965517243,84.13793103448276,81.60587431693989,97.45879753245558,66.91666666666666,2.541202467544425,15.862068965517242,False,Clean,False,,499,435,False,False
2026-02-16,20260216,2026,2,Feb,8,Morning,Line 3,Moulder 3,Multipack,Team A,Quality Hold,480,45,435,25,410,1.65,11972,679,11293,0.9425287356321839,0.8029999999999999,0.943284330103575,0.7139252873563218,0.05671566989642499,0.05747126436781609,94.25287356321839,80.3,94.3284330103575,71.39252873563218,5.671566989642499,5.747126436781609,False,Warning,True,Downtime reason manually reclassified,495,435,False,True
2026-02-16,20260216,2026,2,Feb,8,Night,Line 3,Moulder 3,Cone,Team B,Minor Stops,480,40,440,37,403,1.35,16185,617,15568,0.9159090909090909,0.9036290322580646,0.9618782823602101,0.7960909090909091,0.03812171763978993,0.08409090909090909,91.5909090909091,90.36290322580646,96.187828236021,79.60909090909091,3.8121717639789927,8.409090909090908,False,Clean,False,,503,440,False,False
2026-02-16,20260216,2026,2,Feb,8,Evening,Line 4,Wrapper 4,Ice Cream Bar,Team C,Breakdown,480,45,435,88,347,1.15,16245,149,16096,0.7977011494252874,0.8972982708933718,0.990827947060634,0.7092107279693486,0.009172052939365958,0.20229885057471264,79.77011494252874,89.72982708933718,99.08279470606341,70.92107279693487,0.9172052939365958,20.229885057471265,False,Clean,False,,500,435,False,False
2026-02-16,20260216,2026,2,Feb,8,Morning,Line 4,Cartoner 4,Ice Cream Bar,Team D,Breakdown,480,45,435,66,369,1.15,14459,114,14345,0.8482758620689655,0.7510320686540198,0.9921156373193167,0.6320593869731801,0.00788436268068331,0.15172413793103448,84.82758620689656,75.10320686540199,99.21156373193168,63.20593869731801,0.7884362680683311,15.172413793103448,False,Clean,False,,496,435,False,False
2026-02-16,20260216,2026,2,Feb,8,Night,Line 4,Extruder 4,Ice Cream Bar,Team C,Breakdown,480,40,440,58,382,1.15,17553,493,17060,0.8681818181818182,0.8807133507853402,0.9719136329972085,0.7431439393939393,0.028086367002791546,0.1318181818181818,86.81818181818181,88.07133507853402,97.19136329972085,74.31439393939392,2.8086367002791546,13.18181818181818,False,Clean,False,,504,440,False,False
